Workbook
Name _Toc153808675: Datos_Base!$A$28
Name _Toc153808676: Datos_Base!$B$28
Name _Toc153808677: Datos_Base!$C$28
Name _Toc153808678: Datos_Base!$D$28
Name _Toc153808679: Datos_Base!$E$28
Name _Toc153808680: Datos_Base!$F$28
Name _Toc153808681: Datos_Base!$G$28
Name _Toc153808682: Datos_Base!$H$28
Name _Toc153808683: Datos_Base!$A$29
Name _Toc153808684: Datos_Base!$B$29
Name _Toc153808685: Datos_Base!$C$29
Name _Toc153808686: Datos_Base!$D$29
Name _Toc153808687: Datos_Base!$E$29
Name _Toc153808688: Datos_Base!$F$29
Name _Toc153808689: Datos_Base!$G$29
Name _Toc153808690: Datos_Base!$H$29
Name _Toc153808691: Datos_Base!$A$30
Name _Toc153808692: Datos_Base!$B$30
Name _Toc153808693: Datos_Base!$C$30
Name _Toc153808694: Datos_Base!$D$30
Name _Toc153808695: Datos_Base!$E$30
Name _Toc153808696: Datos_Base!$F$30
Name _Toc153808697: Datos_Base!$G$30
Name _Toc153808698: Datos_Base!$H$30

Sheet CAPEX
B1: 2022
B2: AIC | C2: MFMI | D2: AVM | E2: Tecnintegral
B3: USD
A4: Importación | B4: =5835887500/4250 -> 1373150
A5: Suministro locales | B5: =13592578000/4250 -> 3198253.6
A6: Suministros planta | B6: =9455816000/4250 -> 2224897.9
A7: Total | B7: =SUM(B4:B6) -> 6796301.5 | C7: 6777481 | D7: =+B60*4.25 -> 9888945 | E7: =28316365000/4250 -> 6662674.1 | F7: =B7/B8 -> 15
A8: $/t RFF | B8: =+B7/15 -> 453086.77 | C8: =+C7/15 -> 451832.07 | D8: =+D7/20 -> 494447.25 | E8: =+E7/15 -> 444178.27
A9: Cogeneración | B9: =640000+220000+4500+212372+148900 -> 1225772 | C9: =1318863+172918 -> 1491781
A10: USD/kW | B10: =+B9/600 -> 2042.9533 | C10: =+C9/530 -> 2814.6811
B11: =0.06*B8 -> 27185.206 | C11: =0.06*C8 -> 27109.924 | D11: =0.06*D8 -> 29666.835 | E11: =0.06*E8 -> 26650.696
G13: Area | I13: Unidad
B14: Total | G14: Recepción | J14: =(+B15+B34+B49+C62)/4 -> 182701.9 | K14: =+J14/15 -> 12180.127 | L14: USD por capacidad de procesamiento de RFF
A15: Recepción | B15: 126118.35 | C15: =B15/$B$32 -> 0.028144443 | G15: Esterilización convencional | J15: =+(B16+B35+B50+C63)/4 -> 584219.15 | K15: =+J15/15 -> 38947.943 | L15: USD por capacidad de procesamiento de RFF
A16: Esterilización | B16: 467188.71 | C16: =B16/$B$32 -> 0.10425736 | G16: Esterilización continua | J16: =+G87 -> 576007.03 | K16: =+J16/15 -> 38400.469 | L16: USD por capacidad de procesamiento de RFF
A17: Desfrutación | B17: 98936.471 | C17: =B17/$B$32 -> 0.022078562 | G17: Prensado de raquis | J17: =+C65 -> 111769.18 | K17: =+J17/15 -> 7451.2784 | L17: USD por capacidad de procesamiento de RFF
A18: Prensado | B18: 14113.176 | C18: =B18/$B$32 -> 0.0031494821 | G18: Desfrutado | J18: =(+B17+B36+B51+C64)/4 -> 133276.05 | K18: =+J18/15 -> 8885.0701 | L18: USD por capacidad de procesamiento de RFF
A19: Extracción | B19: 157923.06 | C19: =B19/$B$32 -> 0.035241949 | G19: Extracción (digestión y prensado) | J19: =(+B19+B37+B52+C66)/4 -> 258389.81 | K19: =+J19/15 -> 17225.987 | L19: USD por capacidad de procesamiento de RFF
A20: Clarificación | B20: 356866.24 | C20: =B20/$B$32 -> 0.079637906 | G20: Clarificación dinamica | J20: =(+B41+C67)/2 -> 350515.59 | K20: =+J20/15 -> 23367.706 | L20: USD por capacidad de procesamiento de RFF
A21: Desfibración | B21: 101162.82 | C21: =B21/$B$32 -> 0.022575393 | G21: Clarificación estatica | J21: =+(B40+B20+B56)/3 -> 280446.41 | K21: =+J21/15 -> 18696.427 | L21: USD por capacidad de procesamiento de RFF
A22: Palmisteria | B22: 506554.35 | C22: =B22/$B$32 -> 0.11304215 | G22: Almacenamiento | J22: =+B26 -> 201415.29 | K22: =+J22/15 -> 13427.686 | L22: USD por capacidad de procesamiento de RFF
A23: Caldera | B23: 1076872.5 | C23: =B23/$B$32 -> 0.24031376 | G23: Palmisteria | J23: =+(B22+C70+B39)/3 -> 553487.31 | K23: =+J23/15 -> 36899.154 | L23: USD por capacidad de procesamiento de RFF
A24: Turbina | B24: 148900 | C24: =B24/$B$32 -> 0.033228372
A25: Supervisión | B25: 3529.4118 | C25: =B25/$B$32 -> 0.00078761994 | G25: Caldera media presión | J25: =(+B44+B23+C71)/3 -> 1141062.2 | K25: =+J25/15 -> 76070.813 | L25: USD por tonelada de vapor instalada
A26: Almacenamiento | B26: 201415.29 | C26: =B26/$B$32 -> 0.044947632 | G26: Turbina Contrapresiòn | J26: =+C10 -> 2814.6811 | K26: 20802 | L26: USD por kW instaldo
A27: Tanque Elevado | B27: 52196.706 | C27: =B27/$B$32 -> 0.011648164 | G27: Redes e infraestructura | J27: 107297 | K27: =+J27/15 -> 7153.1333 | L27: USD por capacidad de procesamiento de RFF
A28: Aislamiento | B28: 89133.647 | C28: =B28/$B$32 -> 0.019890974 | G28: Turbina Extracción condensación | K28: 3669 | L28: USD por kW instaldo
A29: Accesorios | B29: 205236 | C29: =B29/$B$32 -> 0.045800257 | G29: Sistema gases de combustión | K29: 11515 | L29: USD por tonelada de vapor instalada
A30: Montaje Mecanico | B30: 687941.88 | C30: =B30/$B$32 -> 0.15352041
A31: Montaje tuberia | B31: 187021.65 | C31: =B31/$B$32 -> 0.04173556
B32: =SUM(B15:B31) -> 4481110.2 | G32: Biodigestor y motor de combustión interna | K32: 2758 | L32: USD por kW instalado
G33: Limpieza metano | K33: 125 | L33: USD por Kw instaldo
A34: Recepción | B34: 115642 | C34: =+B34/$B$47 -> 0.020539707
A35: Esterilización | B35: 366594 | C35: =+B35/$B$47 -> 0.065112444
A36: Desfrutación | B36: 162000 | C36: =+B36/$B$47 -> 0.028773564 | G36: Pretratamiento mecanico | K36: 29655 | L36: USD por tonelada vapor
A37: Extracción | B37: 190618 | C37: =+B37/$B$47 -> 0.033856539 | G37: Pretratamiento termico
A38: Desfibración | B38: 110413 | C38: =+B38/$B$47 -> 0.01961096
A39: Palmistería | B39: 486085 | C39: =+B39/$B$47 -> 0.08633579 | K39: =86000/2.9 -> 29655.172
A40: Clarificación convencional | B40: 223401 | C40: =+B40/$B$47 -> 0.039679278
A41: Clarifación dinamica | B41: 268982 | C41: =+B41/$B$47 -> 0.047775129
A42: Transporte EFB | B42: 27813 | C42: =+B42/$B$47 -> 0.0049399947
A43: Bombas | B43: 68250 | C43: =+B43/$B$47 -> 0.012122196
A44: Generación de vapor | B44: =50373+1318863 -> 1369236 | C44: =+B44/$B$47 -> 0.2431963
A45: Turbina | B45: 172918 | C45: =+B45/$B$47 -> 0.03071276
A46: Montaje | B46: =1672841+395375 -> 2068216 | C46: =+B46/$B$47 -> 0.36734534 | D46: =+(C45+C44)*B46 -> 566503.09
A47: Total + IVA | B47: =SUM(B34:B46) -> 5630168 | C47: =+B47/$B$47 -> 1
A49: Recepción | B49: =510091800/4250 -> 120021.6 | C49: =+B49/$B$60 -> 0.051582024
A50: Esterilización | B50: =(2475805200+1690996800)/4250 -> 980424 | C50: =+B50/$B$60 -> 0.42135961
A51: Desfrutación | B51: =614080880/4250 -> 144489.62 | C51: =+B51/$B$60 -> 0.062097714
A52: Extracción | B52: =+(716284800+619266480)/4250 -> 314247.36 | C52: =+B52/$B$60 -> 0.13505498
A53: Desfibración | B53: =603942000/4250 -> 142104 | C53: =+B53/$B$60 -> 0.06107244
A54: Transporte caldera | B54: =287232000/4250 -> 67584 | C54: =+B54/$B$60 -> 0.029045768
A55: Palmisteria | B55: =+(160854000+97450800)/4250 -> 60777.6 | C55: =+B55/$B$60 -> 0.026120562
A56: Clarifiación | B56: =+(903516000+206040000)/4250 -> 261072 | C56: =+B56/$B$60 -> 0.11220166
A57: Redler tusa | B57: =220503600/4250 -> 51883.2 | C57: =+B57/$B$60 -> 0.02229799
A58: Bombas | B58: =326869200/4250 -> 76910.4 | C58: =+B58/$B$60 -> 0.033054001
A59: Tableros | B59: =456011400/4250 -> 107296.8 | C59: =+B59/$B$60 -> 0.046113251
B60: =SUM(B49:B59) -> 2326810.6
A62: Recepeción | B62: 1568359000 | C62: =+B62/4250 -> 369025.65 | D62: =+C62/$C$75 -> 0.056382601
A63: Esterilización | B63: 2221347000 | C63: =+B63/4250 -> 522669.88 | D63: =+C63/$C$75 -> 0.079857559
A64: Desfrutación | B64: 542632000 | C64: =+B64/4250 -> 127678.12 | D64: =+C64/$C$75 -> 0.019507653
A65: Prensado de raquis | B65: 475019000 | C65: =+B65/4250 -> 111769.18 | D65: =+C65/$C$75 -> 0.017076962
A66: Extracción | B66: 1575776000 | C66: =+B66/4250 -> 370770.82 | D66: =+C66/$C$75 -> 0.056649242
A67: Clarificación | B67: 1836209000 | C67: =+B67/4250 -> 432049.18 | D67: =+C67/$C$75 -> 0.066011824
A68: Despachi | B68: 832034000 | C68: =+B68/4250 -> 195772.71 | D68: =+C68/$C$75 -> 0.029911672
A69: Desfibración | B69: 647029000 | C69: =+B69/4250 -> 152242.12 | D69: =+C69/$C$75 -> 0.023260732
A70: Palmisteria | B70: 2838246000 | C70: =+B70/4250 -> 667822.59 | D70: =+C70/$C$75 -> 0.10203511
A71: Generación de vapor | B71: 4152582000 | C71: =+B71/4250 -> 977078.12 | D71: =+C71/$C$75 -> 0.14928557
A72: Instalaciones electricas | B72: 4358222000 | C72: =+B72/4250 -> 1025464 | D72: =+C72/$C$75 -> 0.15667834
A73: Varias | B73: 2849578000 | C73: =+B73/4250 -> 670488.94 | D73: =+C73/$C$75 -> 0.1024425
A74: Edificio | B74: 3919332000 | C74: =+B74/4250 -> 922195.76 | D74: =+C74/$C$75 -> 0.14090022
B75: =SUM(B62:B74) -> 27816365000 | C75: =+B75/4250 -> 6545027.1 | D75: =+C75/$C$75 -> 1
A79: Esterilización continua | F79: 2017 | G79: 2022
A80: 1. | B80: Recepcion de RFF
A81: 1.02 | B81: FFB Conditioner (Acondicionador de Fruto) | C81: 1 Unit | D81: 2 Unit | E81: 1 Unidad | F81: 44100 | G81: =+F81*(1)^0.6*(806/567) -> 62688.889
A82: 2. | B82: Esterilizacion
A83: 2.01 | B83: Esterilizador continuo | C83: 1 Unit | D83: 2 unit | E83: 1 Unidad | F83: 471700 | G83: =+F83*(30/60)^0.6*(806/567) -> 442384.46
A84: 5. | B84: PH COOKER
A85: 5.01 | B85: PH8000L Vertical cooker c/w Am Control System | C85: 2 Unit | D85: 2 Unit | E85: 1 Unidad | F85: 36700 | G85: =+F85*(1)^0.6*(806/567) -> 52169.665
A86: 5.03 | B86: Tamiz circular SWECO 60" | E86: 1 Unidad | F86: 13200 | G86: =+F86*(1)^0.6*(806/567) -> 18764.021
G87: =SUM(G81:G86) -> 576007.03
G88: =+G87/20 -> 28800.352

Sheet LCA inventory

Sheet RFF evolution
A6: FRUTO PROCESADO 2022 (TONELADAS) | B6: PLANTA | C6: Palmaceite | D6: Aceites | E6: Extrarsa | F6: C.I. Tequendama | G6: Gradesa | H6: Padelma
B7: ENERO | C7: 7051 | D7: 25334.34 | E7: 14053 | F7: 11129 | G7: 6475.319 | H7: 3834
B8: FEBRERO | C8: 7403 | D8: 21591 | E8: 14614 | F8: 11764 | G8: 7139 | H8: 3506.55
B9: MARZO | C9: 18240.923 | D9: 21943.11 | E9: 17161 | F9: 12160 | G9: 9381.8164 | H9: 3692
B10: ABRIL | C10: 18565.827 | D10: 20593.97 | E10: 16147.008 | F10: 11271 | G10: 6810.795 | H10: 3522
B11: MAYO | C11: 17653.69 | D11: 20234 | E11: 15836.144 | F11: 12548 | G11: 5315.227 | H11: 4092.3
B12: JUNIO | C12: 15371.39 | D12: 15314.3 | E12: 15442.063 | F12: 10692 | G12: 4796 | H12: 3254.4
B13: JULIO | C13: 14873.19 | D13: 13155.33 | E13: 13069.403 | F13: 13155.33 | G13: 4488.442 | H13: 2631.58
B14: AGOSTO | C14: 13357.5 | D14: 11698.32 | E14: 14448.931 | F14: 9452 | G14: 5487 | H14: 2638
B15: SEPTIEMBRE | C15: =+AVERAGE(C14,C16) -> 13283.585 | D15: 23873.83 | E15: 15064.475 | F15: 9790 | G15: 5431.298 | H15: 2484.4
B16: OCTUBRE | C16: 13209.67 | D16: 15824.07 | E16: 14683 | F16: 9075 | G16: 6556.474 | H16: 2368
B17: NOVIEMBRE | C17: 18352.28 | D17: 6323.92 | E17: 13677 | F17: 9992 | G17: 6451.6 | H17: 2927.74
B18: DICIEMBRE | C18: 16130 | D18: 10321 | E18: 13393 | F18: 10881 | G18: 5201.39 | H18: 3669
B19: ACUMULADO | C19: 153157.47 | D19: 206207.19 | E19: 177589.02 | F19: 131909.33 | G19: 73534.361 | H19: 38619.97

Sheet MyE_LB
BI2: Calores especificos | BJ2: J kg k
BI3: Racimo fruto fresco | BJ3: 1482.68 | BK3: Nyakuma, B. B., Johari, A., Ahmad, A., & Abdullah, T. A. T. (2014). Comparative Analysis of the Calorific Fuel Properties of Empty Fruit Bunch Fiber and Briquette. Energy Procedia, 52, 466–473. https://doi.org/10.1016/j.egypro.2014.07.099
BI4: Frutos sueltos
BN12: Planta A
BH13: Estado | BI13: Description | BJ13: Fase/tipo | BK13: Temperatura | BL13: Presiòn | BM13: Enthalpy (kJ/kg) | BN13: Flujo Masico2 | BO13: Flujo energètico (kW) | BP13: Columna1
BH15: 1 | BI15: Racimo fruto fresco | BJ15: Sólido | BK15: 25 | BL15: atm | BM15: =+BJ3 -> 1482.68 | BN15: 30000 | BQ15: Planta A | BR15: Planta B | BS15: Planta C
BH17: 2 | BI17: RFF esterilizado | BJ17: Sólido | BK17: 95 | BL17: 0.4 | BM17: 2738.6 | BN17: =(100-+_xlfn.XLOOKUP(BN12,EE_PB!D15:I15,EE_PB!D24:I24))*BN15/100 -> 26461.425
BH18: 3 | BI18: Condensado esterilización | BJ18: Sólido/Fracción de aceite | BK18: 85 | BM18: 4.119 | BN18: =+_xlfn.XLOOKUP(BN12,EE_PB!D15:I15,EE_PB!D25:I25) -> 4170 | BO18: =+Tabla4[[#This Row],[Flujo Masico2]]*Tabla4[[#This Row],[Enthalpy (kJ/kg)]]/3600*(Tabla4[[#This Row],[Temperatura]]-BK15) -> 286.2705
BH19: 4 | BI19: Sterilization vent | BJ19: Vapor/Saturado | BK19: 110 | BL19: Saturación | BN19: =+BN15+BN20-BN18-BN17 -> 5739.5593
BH20: 5 | BI20: Steam | BJ20: Vapor/Saturado | BK20: 120 | BL20: 0.4 | BM20: 2738.6 | BN20: =+_xlfn.XLOOKUP(BN12,EE_PB!D15:I15,EE_PB!D23:I23) -> 6370.984 | BO20: =+Tabla4[[#This Row],[Flujo Masico2]]*Tabla4[[#This Row],[Enthalpy (kJ/kg)]]/3600 -> 4846.5491
BH22: 6 | BI22: Loose fruit | BJ22: Sólido | BN22: =+_xlfn.XLOOKUP(BN12,EE_PB!D15:I15,EE_PB!D32:I32)*BN15/100 -> 19171.425
BH23: 7 | BI23: Raw EFB | BJ23: solid | BN23: =+_xlfn.XLOOKUP(BN12,EE_PB!D15:I15,EE_PB!D27:I27)*BN15/100 -> 0
BH25: 8 | BI25: Pressed EFB | BJ25: solid/oil fraction | BN25: =+_xlfn.XLOOKUP(BN12,EE_PB!D15:I15,EE_PB!D31:I31)*BN15/100 -> 7290
BH26: 9 | BI26: EFB liquor | BJ26: liquid/oil fraction | BN26: =+_xlfn.XLOOKUP(BN12,EE_PB!D15:I15,EE_PB!D30:I30) -> 340.2 | BP26: Hora
BH28: 10 | BI28: Press liquor | BJ28: liquid/oil fraction | BN28: =+_xlfn.XLOOKUP(MyE_LB!BN12,EE_PB!D15:I15,EE_PB!D35:I35) -> 11865.671
BH29: 11 | BI29: Press cake | BJ29: solid | BN29: =+_xlfn.XLOOKUP(BN12,EE_PB!D15:I15,EE_PB!D39:I39) -> 6835.7201
BH30: 12 | BI30: Steam | BJ30: steam/saturated | BL30: 0.4 | BM30: 2738.6 | BN30: =+_xlfn.XLOOKUP(BN12,EE_PB!D15:I15,EE_PB!D34:I34) -> 2831.7987 | BO30: =+BM30*#REF!/3600 -> #REF!
BH31: 13 | BI31: Agua dilución | BJ31: water/saturated | BN31: =+_xlfn.XLOOKUP(BN12,EE_PB!D15:I15,EE_PB!D40:I40) -> 4511.7874
BH33: 15 | BI33: Clarification sludge | BJ33: liquid/oil fraction | BN33: =+_xlfn.XLOOKUP(BN12,EE_PB!D15:I15,EE_PB!D51:I51) -> 12190.921
BH34: 16 | BI34: Steam | BJ34: steam/saturated | BL34: 0.4 | BM34: 2738.6 | BN34: =+_xlfn.XLOOKUP(BN12,EE_PB!D15:I15,EE_PB!D50:I50) -> 700.7 | BO34: =+BM34*#REF!/3600 -> #REF!
BH35: 17 | BI35: Steam | BJ35: steam/saturated | BL35: 0.4 | BM35: 2738.6 | BO35: =+BM35*#REF!/3600 -> #REF!
BH36: 18 | BI36: Water | BJ36: water/saturated
BH37: 19 | BI37: CPO | BJ37: liquid/oil fraction
BH38: 20 | BI38: Fiber | BJ38: solid/oil fraction
BH39: 21 | BI39: Nuts | BJ39: solid
BH40: 22 | BI40: Kernel | BJ40: solid
BH41: 23 | BI41: PKS | BJ41: solid
BH42: 24 | BI42: Steam | BJ42: steam/saturated | BL42: 0.4 | BM42: 2738.6 | BO42: =+BM42*#REF!/3600 -> #REF!
BH43: 25 | BI43: Steam | BJ43: steam/saturated | BL43: 0.4 | BM43: 2738.6 | BO43: =+BM43*#REF!/3600 -> #REF!
BH44: 26 | BI44: Water | BJ44: water/saturated | BL44: atm
BH45: 27 | BI45: Water | BJ45: water/saturated | BL45: atm
BH46: 28 | BI46: Water | BJ46: water/saturated | BL46: atm
BH47: 29 | BI47: POME | BJ47: liquid/oil fraction | BL47: atm

Sheet Datos_Base
A1: Parametros | B1: Unidad | C1: Planta extractora
C2: Planta A | D2: Planta B | E2: Planta C | F2: Planta D | G2: Planta E | H2: Planta F
A3: Capacidad de procesamiento | B3: tRFF∙h-1 | C3: 30 | D3: 40 | E3: 30 | F3: 24 | G3: 24 | H3: 20 | L3: Biomasa | M3: Biogás | N3: Red nacional | O3: Diésel | S3: Planta A | T3: Planta B | U3: Planta C | V3: Planta D | W3: Planta E | X3: Planta F
A4: Fruto procesado | B4: tRFF∙año-1 | C4: 153157 | D4: 206207 | E4: 177589 | F4: 131909 | G4: 75534 | H4: 38620 | K4: Planta A | L4: 0 | M4: 0 | N4: 904.80459 | O4: 0 | P4: =SUM(L4:O4) -> 904.80459 | R4: Biomasa | S4: 383.80493 | T4: 0 | U4: 0 | V4: 0 | W4: 0 | X4: 0
A5: Horas de operación | B5: h∙año-1 | C5: 5105 | D5: 5155 | E5: 5920 | F5: 5496 | G5: 3147 | H5: 1931 | K5: Planta B | L5: 383.80493 | M5: 0 | N5: 95.902724 | O5: 5.336014 | P5: =SUM(L5:O5) -> 485.04367 | R5: Biogás | S5: 0 | T5: 0 | U5: 0 | V5: 553 | W5: 0 | X5: 0
A6: Tasa de extracción aceite | B6: % ACP∙tRFF-1 | C6: 20.71 | D6: 20.55 | E6: 19.68 | F6: 19.9 | G6: 20.77 | H6: 19.3 | K6: Planta C | L6: 0 | M6: 0 | N6: 356.54428 | O6: 56.122712 | P6: =SUM(L6:O6) -> 412.667 | R6: Red nacional | S6: 95.902724 | T6: 904.80459 | U6: 356.54428 | V6: 158 | W6: 384.12662 | X6: 455.84202
A7: Aceite crudo producido | B7: tACP∙año-1 | C7: 31719 | D7: 42376 | E7: 34950 | F7: 26250 | G7: 15688 | H7: 7454 | K7: Planta D | L7: 0 | M7: 0 | N7: 455.84202 | O7: 100.06288 | P7: =SUM(L7:O7) -> 555.9049 | R7: Diésel | S7: 5.336014 | T7: 0 | U7: 56.122712 | V7: 79 | W7: 35.271371 | X7: 100.06288
A8: PKO producido | B8: tPKO∙año-1 | C8: 7636 | D8: 10292 | E8: 7926 | F8: 5576 | G8: 2803 | H8: 2177 | K8: Planta E | L8: 0 | M8: 0 | N8: 384.12662 | O8: 35.271371 | P8: =SUM(L8:O8) -> 419.39799 | S8: =SUM(S4:S7) -> 485.04367 | T8: =SUM(T4:T7) -> 904.80459 | U8: =SUM(U4:U7) -> 412.667 | V8: =SUM(V4:V7) -> 790 | W8: =SUM(W4:W7) -> 419.39799 | X8: =SUM(X4:X7) -> 555.9049
A9: Humedad PKO | B9: % | C9: 6.38 | D9: 7.24 | E9: 6.78 | F9: 4.5 | G9: 6.74 | H9: 4.04 | K9: Planta F | L9: 0 | M9: 553 | N9: 158 | O9: 79 | P9: =SUM(L9:O9) -> 790
A10: Esterilización | L10: =SUM(L4:L9) -> 383.80493 | M10: =SUM(M4:M9) -> 553 | N10: =SUM(N4:N9) -> 2355.2202 | O10: =SUM(O4:O9) -> 275.79298 | P10: =SUM(P4:P9) -> 3567.8182
A11: Vapor de esterilización | B11: kgvapor∙h-1 | C11: 6371 | D11: 8060 | E11: 7036 | F11: 5292 | G11: 5153 | H11: 4060 | L11: =+L10/$P$10 -> 0.10757413 | M11: =+M10/$P$10 -> 0.15499669 | N11: =+N10/$P$10 -> 0.660129 | O11: =+O10/$P$10 -> 0.077300178
C12: =+C11/C3 -> 212.36667 | D12: =+D11/D3 -> 201.5 | E12: =+E11/E3 -> 234.53333 | F12: =+F11/F3 -> 220.5 | G12: =+G11/G3 -> 214.70833 | H12: =+H11/H3 -> 203
A13: Deshidratación del fruto | B13: % | C13: 11.8 | D13: 11.12 | E13: 12.06 | F13: 10.32 | G13: 12.32 | H13: 12.13
A14: Condensados de esterilización | B14: kg∙tRFF∙h-1 | C14: 4170 | D14: 5386 | E14: 4348 | F14: 3304 | G14: 3317 | H14: 2844
C15: =+C14/C3 -> 139 | D15: =+D14/D3 -> 134.65 | E15: =+E14/E3 -> 144.93333 | F15: =+F14/F3 -> 137.66667 | G15: =+G14/G3 -> 138.20833 | H15: =+H14/H3 -> 142.2
A16: Vapor evaporador | C16: =+(150*C3)+C12-((0.15-C13)*C3)-C15 -> 4922.8667 | D16: =+(150*D3)+D12-(0.045*D3)-D15 -> 6065.05 | E16: =+(150*E3)+E12-(0.045*E3)-E15 -> 4588.25 | F16: =+(150*F3)+F12-(0.045*F3)-F15 -> 3681.7533 | G16: =+(150*G3)+G12-(0.045*G3)-G15 -> 3675.42 | H16: =+(150*H3)+H12-(0.045*H3)-H15 -> 3059.9
C17: =+C16/C3 -> 164.09556 | D17: =+D16/D3 -> 151.62625 | E17: =+E16/E3 -> 152.94167 | F17: =+F16/F3 -> 153.40639 | G17: =+G16/G3 -> 153.1425 | H17: =+H16/H3 -> 152.995
A18: Eficiencia energpetica | B18: % | C18: =+Biomass!$W$41/Datos_Base!C12 -> 0 | D18: =+Biomass!$W$41/Datos_Base!D12 -> 0 | E18: =+Biomass!$W$41/Datos_Base!E12 -> 0 | F18: =+Biomass!$W$41/Datos_Base!F12 -> 0 | G18: =+Biomass!$W$41/Datos_Base!G12 -> 0 | H18: =+Biomass!$W$41/Datos_Base!H12 -> 0
A20: Desfrutado
A21: Raquis vacío | B21: kg∙tRFF∙h-1 | C21: 24.3 | D21: 22.5 | E21: 22.9 | F21: 18.6 | G21: 24.34 | H21: 21.35
A22: Humedad raquis | B22: % | C22: 64.3 | D22: 62.5 | E22: 66.7 | F22: 58.9 | G22: 59.7 | H22: 62.8
A23: Masa que pasa por digestor | B23: MPD∙tRFF∙h-1 | C23: 63.9 | D23: 66.38 | E23: 65.04 | F23: 71.08 | G23: 63.34 | H23: 66.52
A24: Humedad MPD | B24: % | C24: 28.7
A25: Digestión y prensado
A26: Vapor de digestión | B26: kgvapor∙h-1 | C26: 2832 | D26: 3524 | E26: 2537 | F26: 2606 | G26: 2113 | H26: 1806
A27: Licor de prensa | B27: kgLP∙h-1 | C27: 11866 | D27: 15972 | E27: 11799 | F27: 9589 | G27: 9513 | H27: 7885
A28: Aceite crudo en LP | B28: % | C28: 53 | D28: 54 | E28: 53 | F28: 50 | G28: 54 | H28: 53
A29: Agua en LP | B29: % | C29: 14 | D29: 16 | E29: 17 | F29: 15 | G29: 17 | H29: 16
A30: Residuos orgánicos en LP | B30: % | C30: 33 | D30: 31 | E30: 30 | F30: 35 | G30: 29 | H30: 31
A31: Fibra de mesocarpio | B31: tFibra∙año-1 | C31: 18073 | D31: 25776 | E31: 24862 | F31: 15829 | G31: 9444 | H31: 4831
A32: Humedad de mesocarpio | B32: % | C32: 35.2 | D32: 33.1 | E32: 38.4 | F32: 35.3 | G32: 36.6 | H32: 36.8
A33: Nueces | B33: tNuez∙año-1 | C33: 16825 | D33: 18788 | E33: 15918 | F33: 13095 | G33: 6247 | H33: 4880
A34: Humedad de nueces | B34: % | C34: 11.93 | D34: 10.82 | E34: 13.36 | F34: 12.29 | G34: 14.33 | H34: 16.47
A35: Clarificación
A36: Agua de dilución | B36: kgagua∙h-1 | C36: 4512 | D36: 6124 | E36: 4459 | F36: 3425 | G36: 3668 | H36: 2985
A37: Temperatura LP | B37: °C | C37: 80 | D37: 80 | E37: 80 | F37: 80 | G37: 80 | H37: 80
A38: Temperatura aceite clarificado | B38: °C | C38: 70 | D38: 72 | E38: 70 | F38: 72 | G38: 71 | H38: 70
A39: Aceite clarificado | B39: kgaceite∙h-1 | C39: 5477 | D39: 7342 | E39: 5250 | F39: 4125 | G39: 4450 | H39: 3405
A40: Vapor de clarificacion | B40: kgvapor∙h-1 | C40: 701 | D40: 1122 | E40: 535 | F40: 683 | G40: 513 | H40: 408
A41: Lodos de clarificación | B41: kgLodos∙h-1 | C41: 13733 | D41: 18278 | E41: 13546 | F41: 11495 | G41: 10843 | H41: 9271
A42: Recuperación de aceite
A43: Agua de recuperación | B43: kgagua∙h-1 | C43: 3784 | D43: 5328 | E43: 3703 | F43: 3180 | G43: 3004 | H43: 2605
A44: Aceite recuperado | B44: kgaceite∙h-1 | C44: 736 | D44: 878 | E44: 654 | F44: 651 | G44: 535 | H44: 455
A45: Efluente | B45: kgefluente∙h-1 | C45: 16780 | D45: 22727 | E45: 16595 | F45: 14024 | G45: 13313 | H45: 11422
A46: Almacenamiento
A47: Vapor de almacenamiento | B47: kgvapor∙h-1 | C47: 1514 | D47: 1701 | E47: 1427 | F47: 1127 | G47: 1100 | H47: 932
A48: Temperatura despacho | B48: °C | C48: 50 | D48: 52 | E48: 55 | F48: 52 | G48: 50 | H48: 55
A49: Secado de nueces
A50: Vapor de secado | B50: kgvapor∙h-1 | C50: 1615 | D50: 2157 | E50: 1556 | F50: 1220 | G50: 1286 | H50: 992
A51: Flujo de aire de secado | B51: kgaire seco∙h-1 | K51: Oleoflores S.A. | L51: 2693
A52: Temperatura aire de secado | B52: °C | C52: 50 | D52: 55 | E52: 60 | F52: 50 | G52: 55 | H52: 60 | K52: Aceites S.A. | L52: 24942
A53: Humedad de secado | B53: °C | C53: 7.2 | D53: 7.5 | E53: 7.6 | F53: 7.1 | G53: 7.8 | H53: 7.4 | K53: Palmaceite S.A.
A54: Rotura de nuez | K54: El Roble | L54: 127781.59
A55: Cuesco | B55: tCuesco∙año-1 | C55: 9189 | D55: 8496 | E55: 7992 | F55: 7519 | G55: 3444 | H55: 2703 | K55: Frupalma S.A. | L55: 26704
A56: Almendra | B56: tAlmendra∙año-1 | C56: 7636 | D56: 10292 | E56: 7926 | F56: 5576 | G56: 2803 | H56: 2177 | K56: Maria La Baja | L56: 13177
A57: Calentamiento agua proceso | K57: Palmeras de la Costa | L57: 14960
A58: Agua de proceso | B58: kgagua∙año-1 | C58: 30631 | D58: 117538 | E58: 63932 | F58: 36935 | G58: 25855 | H58: 15108 | K58: Tequendama | L58: 1296
A59: Temperatura de calentamiento | B59: °C | C59: 90 | D59: 90 | E59: 92 | F59: 90 | G59: 90 | H59: 90
A60: Vapor de calentamiento | B60: kgvapor∙año-1 | C60: 5129.1 | D60: 7679 | E60: 5585.4 | F60: 4220.9 | G60: 2852.3 | H60: 1283
A61: Caldera
A62: Fibra en caldera | B62: % | C62: 49 | D62: 84 | E62: 70 | F62: 86 | G62: 75 | H62: 54
A63: Cuesco en caldera | B63: % | C63: 79 | D63: 100 | E63: 82 | F63: 55 | G63: 84 | H63: 80
A64: Flujo de vapor | B64: kgvapor∙h-1 | C64: 71984 | D64: 101041 | E64: 149175 | F64: 55402 | G64: 85420 | H64: 78541
A65: Presión de vapor | B65: bar | C65: 3 | D65: 1.5 | E65: 2 | F65: 1.5 | G65: 1 | H65: 1
A66: Temperatura de vapor | B66: °C | C66: 300 | D66: 240 | E66: 180 | F66: 160 | G66: 160 | H66: 160
A67: Temperatura agua de alimentación | B67: °C | C67: 90 | D67: 95 | E67: 90 | F67: 95 | G67: 90 | H67: 95
A70: Diésel
A71: Biomasa
A72: Biogás

Sheet Scenario 1
AE3: EFB
AR4: State | AS4: Description | AT4: Phase/type | AU4: Mass flow rate (kg/h) | AV4: Temperature (°C) | AW4: Pressure (Mpa) | AX4: Enthalpy (kJ/kg) | AY4: Energy flow (kW) | AZ4: SSR at turbine loaded (kg/kW) | BA4: Fractions of steam (kg) and electricity (kW) per tonne FFB | BB4: EFF boiler and Cogeneration | BC4: Fuel | BF4: Month | BG4: FFB feed (tonne) | BH4: Capacity (t/h) | BI4: POME generation (m3) | BJ4: Biogas production (Nm3) | BK4: Energy input (kWh) | BL4: Power generation (kW)
AR5: 1 | AS5: FFB | AT5: solid | AU5: 30000 | AW5: atm | BA5: =+AU5/30 -> 1000 | BF5: January | BG5: 7051 | BH5: =+BG5/30 -> 235.03333 | BI5: =0.9*BG5 -> 6345.9 | BJ5: =+BI5*998*0.0329 -> 208362.55 | BK5: =6.2*BJ5 -> 1291847.8 | BL5: =+BK5*0.28 -> 361717.39 | BM5: =+BL5/BH5 -> 1539.0046
E6: =+C13+G9-H11-E15 -> 11850 | F6: kg | AR6: 2 | AS6: Sterilized FFB | AT6: solid | AU6: =+AU5*0.881 -> 26430 | AW6: 0.4 | AX6: 2738.6 | AY6: =+AX6*AU6/3600 -> 20105.888 | BA6: =+AU6/30 -> 881 | BF6: February | BG6: 7403 | BH6: =+BG6/30 -> 246.76667 | BI6: =0.9*BG6 -> 6662.7 | BJ6: =+BI6*998*0.0329 -> 218764.42 | BK6: =6.2*BJ6 -> 1356339.4 | BL6: =+BK6*0.28 -> 379775.04 | BM6: =+BL6/BH6 -> 1539.0046
AR7: 3 | AS7: Sterilization condensate | AT7: solid/oil fraction | AU7: =0.039*AU5 -> 1170 | AW7: atm | BA7: =+AU7/30 -> 39 | BF7: March | BG7: 18240.923 | BH7: =+BG7/30 -> 608.03077 | BI7: =0.9*BG7 -> 16416.831 | BJ7: =+BI7*998*0.0329 -> 539033.5 | BK7: =6.2*BJ7 -> 3342007.7 | BL7: =+BK7*0.28 -> 935762.16 | BM7: =+BL7/BH7 -> 1539.0046
F8: 4 | M8: =(102+88+81)/3*C13/1000 -> 2710 | N8: kg | Q8: =35*0.85*C13/1000 -> 892.5 | R8: kg | U8: =45*C13/1000 -> 1350 | V8: kg | AL8: =+AU12*0.5 -> 2068.29 | AM8: 90 | AR8: 4 | AS8: Sterilization vent | AT8: steam/saturated | AU8: =+AU5+AU9-AU6-AU7 -> 11850 | AW8: atm | BA8: =+AU8/30 -> 395 | BF8: April | BG8: 18565.827 | BH8: =+BG8/30 -> 618.8609 | BI8: =0.9*BG8 -> 16709.244 | BJ8: =+BI8*998*0.0329 -> 548634.67 | BK8: =6.2*BJ8 -> 3401534.9 | BL8: =+BK8*0.28 -> 952429.79 | BM8: =+BL8/BH8 -> 1539.0046
G9: =0.315*C13 -> 9450 | H9: kg | N9: 12 | R9: 16 | V9: 17 | AD9: =+AD10/30000 -> 0.0612 | AH9: 8 | AL9: =+AL8*AM9/AM8 -> 2298.1 | AM9: 100 | AR9: 5 | AS9: Steam | AT9: steam/saturated | AU9: =315*C13/1000 -> 9450 | AW9: 0.4 | AX9: 2738.6 | AY9: =+AX9*AU9/3600 -> 7188.825 | BA9: =+AU9/30 -> 315 | BF9: May | BG9: 17653.69 | BH9: =+BG9/30 -> 588.45633 | BI9: =0.9*BG9 -> 15888.321 | BJ9: =+BI9*998*0.0329 -> 521680.31 | BK9: =6.2*BJ9 -> 3234417.9 | BL9: =+BK9*0.28 -> 905637.02 | BM9: =+BL9/BH9 -> 1539.0046
G10: 5 | AD10: 1836 | AE10: kWh | AL10: =+AL9*0.1 -> 229.81 | AR10: 6 | AS10: Loose fruit | AT10: solid | AU10: =+AU6-AU11 -> 20400 | BA10: =+AU10/30 -> 680 | BF10: June | BG10: 15371.39 | BH10: =+BG10/30 -> 512.37967 | BI10: =0.9*BG10 -> 13834.251 | BJ10: =+BI10*998*0.0329 -> 454236.56 | BK10: =6.2*BJ10 -> 2816266.7 | BL10: =+BK10*0.28 -> 788554.68 | BM10: =+BL10/BH10 -> 1539.0046
H11: =0.881*C13 -> 26430 | I11: kg | K11: 6 | L11: =+H11-I15 -> 20400 | M11: kg | O11: =+L11+M8+N16-M21 -> 20045.54 | P11: kg | S11: =0.23*C13 -> 6900 | T11: kg | X11: =+S11*0.95 -> 6555 | Y11: kg | AD11: 9 | AF11: =+AU36*AX36/1000 -> 78831.901 | AR11: 7 | AS11: Raw EFB | AT11: solid | AU11: =+AU5*0.201 -> 6030 | BA11: =+AU11/30 -> 201 | BF11: July | BG11: 14873.19 | BH11: =+BG11/30 -> 495.773 | BI11: =0.9*BG11 -> 13385.871 | BJ11: =+BI11*998*0.0329 -> 439514.37 | BK11: =6.2*BJ11 -> 2724989.1 | BL11: =+BK11*0.28 -> 762996.94 | BM11: =+BL11/BH11 -> 1539.0046
V12: 19 | AR12: 8 | AS12: Pressed EFB | AT12: solid/oil fraction | AU12: =+AU11*0.686 -> 4136.58 | BA12: =+AU12/30 -> 137.886 | BC12: =+AU12 -> 4136.58 | BF12: August | BG12: 13357.5 | BH12: =+BG12/30 -> 445.25 | BI12: =0.9*BG12 -> 12021.75 | BJ12: =+BI12*998*0.0329 -> 394724.54 | BK12: =6.2*BJ12 -> 2447292.2 | BL12: =+BK12*0.28 -> 685241.81 | BM12: =+BL12/BH12 -> 1539.0046
C13: 30000 | D13: kg | E13: 1 | I13: 2 | P13: 10 | T13: 14 | AR13: 9 | AS13: EFB liquor | AT13: liquid/oil fraction | AU13: =+AU11-AU12 -> 1893.42 | BA13: =+AU13/30 -> 63.114 | BF13: September | BG13: 13283.585 | BH13: =+BG13/30 -> 442.78617 | BI13: =0.9*BG13 -> 11955.226 | BJ13: =+BI13*998*0.0329 -> 392540.3 | BK13: =6.2*BJ13 -> 2433749.8 | BL13: =+BK13*0.28 -> 681449.96 | BM13: =+BL13/BH13 -> 1539.0046
L14: =+L15*30 -> 3015 | N14: 11 | O14: 13 | P14: 17 | R14: 15 | AR14: 10 | AS14: Press liquor | AT14: liquid/oil fraction | AU14: =+AU10+AU16+AU17-AU15 -> 19599 | BA14: =+AU14/30 -> 653.3 | BF14: October | BG14: 13209.67 | BH14: =+BG14/30 -> 440.32233 | BI14: =0.9*BG14 -> 11888.703 | BJ14: =+BI14*998*0.0329 -> 390356.05 | BK14: =6.2*BJ14 -> 2420207.5 | BL14: =+BK14*0.28 -> 677658.11 | BM14: =+BL14/BH14 -> 1539.0046
E15: =0.039*C13 -> 1170 | F15: 3 | I15: =0.201*C13 -> 6030 | J15: kg | L15: =3.35*C13/1000 -> 100.5 | M15: kWh | T15: 18 | AR15: 11 | AS15: Press cake | AT15: solid | AU15: =+AU24+AU25 -> 7710 | BA15: =+AU15/30 -> 257 | BF15: November | BG15: 18352.28 | BH15: =+BG15/30 -> 611.74267 | BI15: =0.9*BG15 -> 16517.052 | BJ15: =+BI15*998*0.0329 -> 542324.19 | BK15: =6.2*BJ15 -> 3362410 | BL15: =+BK15*0.28 -> 941474.79 | BM15: =+BL15/BH15 -> 1539.0046
N16: =0.14*C13 -> 4200 | O16: kg | P16: =180*C13/1000 -> 5400 | Q16: kg | S16: =45*C13/1000 -> 1350 | T16: kg | W16: =+U17*30 -> 180 | AF16: 1 | AH16: 2 | AK16: 4137 | AL16: kg | AR16: 12 | AS16: Steam | AT16: steam/saturated | AU16: =90.3*AU5/1000 -> 2709 | AW16: 0.4 | AX16: 2738.6 | AY16: =+AX16*AU16/3600 -> 2060.7965 | BA16: =+AU16/30 -> 90.3 | BF16: December | BG16: 16130 | BH16: =+BG16/30 -> 537.66667 | BI16: =0.9*BG16 -> 14517 | BJ16: =+BI16*998*0.0329 -> 476654.08 | BK16: =6.2*BJ16 -> 2955255.3 | BL16: =+BK16*0.28 -> 827471.49 | BM16: =+BL16/BH16 -> 1539.0046
U17: =0.0002*C13 -> 6 | V17: kWh | AR17: 13 | AS17: Water | AT17: water/saturated | AU17: =0.14*AU5 -> 4200 | BA17: =+AU17/30 -> 140
F18: =2.64*C13/1000 -> 79.2 | G18: kWh | J18: =0.0007*C13 -> 21 | K18: kWh | P18: =+O11+Q8+P16-S11+L24 -> 21331.46 | Q18: kg | R18: =2.2*C13/1000*0.8 -> 52.8 | S18: KWh | AK18: 8 | AR18: 14 | AS18: Wet CPO | AT18: liquid/oil fraction | AU18: =0.23*AU5 -> 6900 | BA18: =+AU18/30 -> 230
AR19: 15 | AS19: Clarification sludge | AT19: liquid/oil fraction | AU19: =AU13+AU14+AU20-AU18+AU21 -> 19264.92 | BA19: =+AU19/30 -> 642.164 | BF19: Pretratamiento
D20: =0.0002*C13 -> 6 | E20: kWh | H20: =0.0011*C13 -> 33 | I20: kWh | AM20: EFB dry | AR20: 16 | AS20: Steam | AT20: steam/saturated | AU20: =35*AU5/1000*0.85 -> 892.5 | AW20: 0.4 | AX20: 2738.6 | AY20: =+AX20*AU20/3600 -> 678.94458 | BA20: =+AU20/30 -> 29.75 | BF20: Q1 | BG20: =+((AU12*0.65*BG24*(BG27-BG26))+(AU12*(1-0.65)*BG23*(BG27-BG26)))/1000 -> 398.46434 | BI20: Qn | BJ20: =+BG20+BG21 -> 735.64236 | BK20: MJ
J21: 7 | M21: =(+L11+M8+N16)*0.266 -> 7264.46 | N21: kg | O21: =2.27*C13/1000 -> 68.1 | Q21: =2.2*C13/1000 -> 66 | R21: kWh | AA21: 7 | AC21: =+R29+U8 -> 3180 | AD21: kg | AR21: 17 | AS21: Water | AT21: water/saturated | AU21: =180*AU5/1000*0.7 -> 3780 | AW21: 0.4 | AX21: 2738.6 | AY21: =+AX21*AU21/3600 -> 2875.53 | BA21: =+AU21/30 -> 126 | BF21: Q2 | BG21: =+(AU12*0.65*(BH27-BH26))/1000 -> 337.17801
G22: =+P18+S16+S33+R35 -> 22681.46 | H22: kg | AC22: 8 | AI22: 3 | AR22: 18 | AS22: Steam | AT22: water/saturated | AU22: =45*AU5/1000 -> 1350 | BA22: =+AU22/30 -> 45
K23: 9 | AR23: 19 | AS23: CPO | AT23: liquid/oil fraction | AU23: =+AU18*0.95 -> 6555 | BA23: =+AU23/30 -> 218.5 | BF23: Cpw | BG23: 1.4
L24: =+I15-I30 -> 1893.42 | M24: kg | O24: =+M21-M29 -> 3334.46 | P24: kg | S24: =+O24-R29 -> 1504.46 | T24: kg | AR24: 20 | AS24: Fiber | AT24: solid/oil fraction | AU24: =0.131*AU5 -> 3930 | BA24: =+AU24/30 -> 131 | BC24: =+AU24*0.2 -> 786 | BF24: Cp EFB | BG24: 4.186
P25: 21 | S25: 22 | W25: =(+D20+F18+H20+J18+L15+Q21+O21+R18+U17+K38)*1.1 -> 475.86 | X25: kWh | AR25: 21 | AS25: Nuts | AT25: solid | AU25: =0.126*AU5 -> 3780 | BA25: =+AU25/30 -> 126
W26: =+W25/30 -> 15.862 | AG26: 4 | AR26: 22 | AS26: Kernel | AT26: solid | AU26: =+AU25-AU27 -> 1950 | BA26: =+AU26/30 -> 65 | BF26: Ti | BG26: 25 | BH26: 104.838
J27: 8 | N27: 20 | S27: 24 | AR27: 23 | AS27: PKS | AT27: solid | AU27: =0.061*AU5 -> 1830 | BA27: =+AU27/30 -> 61 | BC27: =+AU27*0.2 -> 366 | BF27: Tf | BG27: 55 | BH27: 230.24
AK28: 11 | AR28: 24 | AS28: Steam | AT28: steam/saturated | AU28: =50*AU5/1000 -> 1500 | AW28: 0.4 | AX28: 2738.6 | AY28: =+AX28*AU28/3600 -> 1141.0833 | BA28: =+AU28/30 -> 50
M29: =0.131*C13 -> 3930 | N29: kg | R29: =0.061*C13 -> 1830 | S29: kg | AR29: 25 | AS29: Steam | AT29: steam/saturated | AU29: =36*AU5/1000 -> 1080 | AW29: 0.4 | AX29: 2738.6 | AY29: =+AX29*AU29/3600 -> 821.58 | BA29: =+AU29/30 -> 36
I30: =+I15*0.686 -> 4136.58 | J30: kg | AJ30: 10 | AM30: 12 | AR30: 26 | AS30: Water | AT30: water/saturated | AU30: =+AU17+AU21 -> 7980 | AV30: 80 | AW30: atm | BA30: =+AU30/30 -> 266
AR31: 27 | AS31: Water | AT31: water/saturated | AU31: 1731 | AV31: 25 | AW31: atm | BA31: =+AU31/30 -> 57.7
O32: 26 | AR32: 28 | AS32: Water | AT32: water/saturated | AU32: =+AU30+AU31 -> 9711 | AV32: 80 | AW32: atm | BA32: =+AU32/30 -> 323.7
T33: kg | AR33: 29 | AS33: POME | AT33: liquid/oil fraction | AU33: =+AU19+AU22+AU28+AU29+AU7 -> 24364.92 | AV33: 95 | AW33: atm | BA33: =+AU33/30 -> 812.164
F34: 29
E35: =+E15+G22 -> 23851.46 | F35: kg | AG35: 5
AH36: 6 | AR36: 1 | AS36: Biomass fuel | AT36: solid | AU36: =+AU24+AU27 -> 5760 | AX36: =+((AU24*Biomass!E15)+(AU27*Biomass!G15))/AU36 -> 13686.094 | AY36: =+AX36*AU36/3600 -> 21897.75 | BA36: =+AU36/30 -> 192
Z37: =+G9+M8+Q8+U8+W39 -> 14402.5 | AA37: kg | AS37: EFB dried | AT37: solid | AU37: =+AU12*0.5*10/9 -> 2298.1 | AV37: 105 | AW37: 0.12 | AX37: =+Biomass!K15 -> 16525.628 | AY37: =+AU37*AX37/3600 -> 10549.318 | BA37: =+AU37/30 -> 76.603333
AR38: 2 | AS38: Water | AT38: water/saturated | AU38: =+AU40/0.95 -> 33726.783 | AV38: 105 | AW38: 0.12 | AX38: 546.48 | AY38: =+AU38*AX38/3600 -> 5119.7257 | BA38: =+AU38/30 -> 1124.2261
Z39: 6 | AR39: 3 | AS39: Flue gas | AT39: gas | AY39: =+(AY37+AY36)*0.2 -> 6489.4137 | BA39: =+AU39/30 -> 0
AI40: =+AI33 -> 0 | AR40: 4 | AS40: Steam | AT40: steam/superheated | AU40: =+(((AU37*AX37)+(AU36*AX36))*BB40)/(AX40-AX38) -> 32040.444 | AW40: 2 | AX40: 3463.03 | BA40: =+AU40/30 -> 1068.0148 | BB40: 0.8
AR41: 5 | AS41: Steam | AT41: steam/saturated | AU41: =+AU9+AU16+AU20+AU22 -> 14401.5 | AV41: 143.6 | AW41: 0.4 | AX41: 2738.6 | AY41: =+AU41*AX41/3600 -> 10955.541 | BA41: =+AU41/30 -> 480.05
AR42: 6 | AS42: Steam | AT42: steam/saturated | AU42: =+AU40-AU41 -> 17638.944 | AV42: 143.6 | AW42: 0.4 | AX42: 2386 | AY42: =+AU42*AX42/3600 -> 11690.7 | BA42: =+AU42/30 -> 587.9648
AR43: 7 | AS43: Water | AT43: water/saturated | AU43: =+AU38+AU17+AU21-AU42-AU44+AU45 -> 23053.839
AR44: 8 | AS44: Water | AT44: water/saturated | AU44: =+AU22+AU28 -> 2850
AR45: 9 | AS45: Water | AT45: water/saturated | AU45: =0.0612*AU5 -> 1836
M46: =1500-891 -> 609 | AF46: =+AD52*0.1 -> 178.44374 | AG46: kWh | AR46: 10 | AS46: Electricity | BA46: =+((AU40*(AX40-AX41))+(AU42*(AX41-AX42)))/3600 -> 8175.1529
AR47: 11 | AS47: Electricity | BA47: =+BA46*0.165 -> 1348.9002
R48: 24 | V48: Biogas | AR48: 13 | AS48: Electricity | BA48: =+AU12/1000*20 -> 82.7316
V49: =+E35*0.0329 -> 784.71303 | W49: m3 | AR49: 14 | AS49: Electricity | BA49: 476
AR50: 15 | AS50: Electricity | BA50: =+BA46-BA49-BA47-BA48 -> 6267.5211
AF51: =+AD52-AF46 -> 1605.9937 | AG51: kW | AR51: 16
AD52: =+V49*2.274 -> 1784.4374 | AE52: kW
Q55: =0.8778*E35 -> 20936.812 | R55: kg
R57: 25
S65: 26 | T65: =0.0563*E35 -> 1342.8372 | U65: kg

Sheet Scenario1_Actual
AP1: Ti | AQ1: 25 | AR1: 104.83 | AT1: CPw | AU1: 4.186
AP2: Tf | AQ2: 55 | AR2: 2369.8 | AT2: Cpefb | AU2: 1.4
AW3: Secado tusa
AP4: Month | AQ4: FFB feed (tonne) | AR4: Operating hours (h) | AS4: EFB (kg/h) | AT4: MF (kg/h) | AU4: PKS (kg/h) | AV4: POME generation (m3) | AW4: Q1 (kWh/kg) | AX4: Q2 | AY4: Qn
D5: =+B12+F8-G10-D15 -> 388 | E5: kg | AP5: January | AQ5: 153157 | AR5: =+AQ5/30 -> 5105.2333 | AS5: =+Tabla3[[#This Row],[FFB feed (tonne)]]*210/Tabla3[[#This Row],[Operating hours (h)]] -> 6300 | AT5: =+Tabla3[[#This Row],[FFB feed (tonne)]]*131/Tabla3[[#This Row],[Operating hours (h)]] -> 3930 | AU5: =+Tabla3[[#This Row],[FFB feed (tonne)]]*61/Tabla3[[#This Row],[Operating hours (h)]] -> 1830 | AV5: =0.9*AQ5/Tabla3[[#This Row],[Operating hours (h)]] -> 27 | AW5: =((+Tabla3[[#This Row],[EFB (kg/h)]]*0.65*$AU$1*($AQ$2-$AQ$1))+(Tabla3[[#This Row],[EFB (kg/h)]]*(1-0.65)*$AU$2*($AQ$2-$AQ$1))/3600) -> 514275.82 | AX5: =+Tabla3[[#This Row],[EFB (kg/h)]]*0.65*(AR2-AR1)/3600 -> 2576.4034
AW6: {=+Tabla3[Q1 (kWh/kg)]/6.3} -> 81631.083 | AX6: {=+Tabla3[Q2]/6.3} -> 408.95292
F8: =+B12*0.315 -> 315 | G8: kg | L8: =0.09*B12 -> 90 | M8: kg | P8: =0.005*B12 -> 5 | Q8: kg | T8: =0.045*B12 -> 45 | U8: kg
AG9: =AG26/0.9 -> 1230.3451 | AH9: kg
G10: =250+638 -> 888 | H10: kg | K10: =+B12*0.68 -> 680 | L10: kg | N10: =+K10+L8+M13-L21 -> 631.24 | O10: kg | R10: =0.23*B12 -> 230 | S10: kg | W10: =+R10*0.95 -> 218.5 | X10: kg | AC10: 46 | AD10: kg
AE11: =+(M29*12)+(P30*18.2)+(H30*16.5) -> 4384.95 | AF11: MJ
B12: 1000 | C12: kg | W12: =+R24-T29 -> 19.504 | X12: kg
M13: =0.09*B12 -> 90 | N13: kg | O13: =0.18*B12 -> 180 | P13: kg | Y13: =+O13+M13 -> 270
D15: =0.039*B12 -> 39 | E15: kg | H15: =+B12*0.201 -> 201 | I15: kg | K15: =0.0037*B12 -> 3.7 | L15: kWh
AG17: Ef. | AH17: 0.85
E18: =0.0042*B12 -> 4.2 | F18: kWh | I18: =0.0007*B12 -> 0.7 | J18: kWh | O18: =+N10+P8+O13-R10+K24 -> 674.94 | P18: kg | Q18: =0.00273*B12*(0.5) -> 1.365 | R18: kWh | U18: =0.0002*B12 -> 0.2 | V18: kWh
Y19: =+AG9-AG36-AB22-Y13-AC10 -> 401.34451 | Z19: kg
C20: =0.0002*1000 -> 0.2 | D20: kWh | G20: =0.0011*B12 -> 1.1 | H20: kWh | O20: 4.2 | P20: kWh | T20: 3 | U20: kWh | AD20: =(0.046*H30)+(0.03*P30)+(0.61*M29) -> 80.1658
L21: =(+K10+L8+M13)*0.266 -> 228.76 | M21: kg
G22: kg | AB22: =+T8+R34+J35+P8 -> 133.69 | AC22: kg | AI22: =+AE11*(1-AH17) -> 657.7425 | AJ22: MJ
K24: =+H15-H30 -> 88.7 | L24: kg | N24: =+L21-M29 -> 108.76 | O24: kg | R24: =+N24-P30 -> 48.76 | S24: kg | AI24: =+AH34*0.16 -> 31.362758 | AJ24: kW
V25: =(+C20+E18+G20+I18+K15+O20+T20+Q18+U18+F36)*1.1 -> 20.6415 | W25: kWh
AG26: =(+AE11-AI22)/3.366 -> 1107.3106 | AH26: kg
AB28: 0.27777778
M29: 120 | N29: kg | T29: =+R24*0.6 -> 29.256 | U29: kg
H30: 112.3 | I30: kg | P30: 60 | Q30: kg | AB30: =0.3+4.2+1.1+0.7+1.7+3.7+2.5+1.4+4+0.2 -> 19.8
AJ31: =+AH34-AI24 -> 164.65448 | AK31: kWh
R34: 50 | S34: kg | AE34: 728 | AF34: kg | AH34: =((+AG26*(3.366-2.9))+((AG36*(2.9-2.4))))/3.6 -> 196.01723 | AI34: kW
D35: =+D15+O18+AC10 -> 759.94 | E35: kg | J35: =0.3*H30 -> 33.69 | K35: kg | AM35: =+V25 -> 20.6415 | AN35: =+W25 -> kWh
F36: 0.1 | G36: kWh | AG36: =+AG26-AE34 -> 379.31061 | AH36: kg
Z38: =315+90+180+48+50 -> 683
V39: 33 | W39: kg | Z39: 683
H40: =+J35*0.5 -> 16.845
AM42: =+AJ31+AJ50-AM35 -> 197.22458 | AN42: kWh
T43: =+R53*0.1 -> 5.9124 | U43: kW
X44: =888-680 -> 208
AE45: =69.4/0.2777778 -> 249.83998
AA46: =208-20.8 -> 187.2 | AB46: =+AA46*0.6 -> 112.32
Z47: =208-21 -> 187
W48: 1000 | X48: 20 | Y48: =+Z47/1000*X48 -> 3.74
J49: 26 | K49: m3 | W49: 1000 | X49: 371 | Y49: =+Z47/1000*X49 -> 69.377
AJ50: =+R53-T43 -> 53.2116 | AK50: kWh
R53: =+J49*2.274 -> 59.124 | S53: kW | U53: =+R53-T43 -> 53.2116
F55: =0.8778*D35 -> 667.07533 | G55: kg
H65: 56.666667 | I65: kg
G71: Revisar tanque UASP

Sheet Scenario 2
D5: =+B12+F8-G10-D15 -> 388 | E5: kg
F8: =+B12*0.315 -> 315 | G8: kg | L8: =0.09*B12 -> 90 | M8: kg | P8: =0.005*B12 -> 5 | Q8: kg | T8: =0.045*B12 -> 45 | U8: kg
AG9: =AG26/0.9 -> 668.64726 | AH9: kg | AL9: =728-683 -> 45
G10: =250+638 -> 888 | H10: kg | K10: =+B12*0.68 -> 680 | L10: kg | N10: =+K10+L8+M13-L21 -> 631.24 | O10: kg | R10: =0.23*B12 -> 230 | S10: kg | W10: =+R10*0.95 -> 218.5 | X10: kg | AC10: 46 | AD10: kg
AE11: =+(M29*12)+(P30*18.2) -> 2532 | AF11: MJ
B12: 1000 | C12: kg | W12: =+R24-T29 -> 19.504 | X12: kg
M13: =0.09*B12 -> 90 | N13: kg | O13: =0.18*B12 -> 180 | P13: kg | Y13: =+O13+M13 -> 270
D15: =0.039*B12 -> 39 | E15: kg | H15: =+B12*0.201 -> 201 | I15: kg | K15: =0.0037*B12 -> 3.7 | L15: kWh
AG17: Ef. | AH17: 0.8
E18: =0.0042*B12 -> 4.2 | F18: kWh | I18: =0.0007*B12 -> 0.7 | J18: kWh | O18: =+N10+P8+O13-R10+K24 -> 607.24 | P18: kg | Q18: =0.00273*B12*(0.5) -> 1.365 | R18: kWh | U18: =0.0002*B12 -> 0.2 | V18: kWh
Y19: =+AG9-AG36-AB22-Y13-AC10 -> 155.86473 | Z19: kg
C20: =0.0002*1000 -> 0.2 | D20: kWh | G20: =0.0011*B12 -> 1.1 | H20: kWh | O20: 4.2 | P20: kWh | T20: 3 | U20: kWh
L21: =(+K10+L8+M13)*0.266 -> 228.76 | M21: kg | AD21: =+(0.03*P30)+(0.61*M29) -> 75
G22: kg | AB22: =+T8+R34+J35+P8 -> 154 | AC22: kg | AI22: =+AE11*(1-AH17) -> 506.4 | AJ22: MJ
K24: =+H15-H30 -> 21 | L24: kg | N24: =+L21-M29 -> 108.76 | O24: kg | R24: =+N24-P30 -> 48.76 | S24: kg | AI24: =+AH34*0.16 -> 13.414308 | AJ24: kW
V25: =(+C20+E18+G20+I18+K15+O20+T20+Q18+U18+F36)*1.1 -> 20.6415 | W25: kWh
AG26: =(+AE11-AI22)/3.366 -> 601.78253 | AH26: kg
M29: 120 | N29: kg | T29: =+R24*0.6 -> 29.256 | U29: kg
H30: 180 | I30: kg | P30: 60 | Q30: kg
AJ31: =+AH34-AI24 -> 70.425116 | AK31: kWh
R34: 50 | S34: kg | AE34: =+J35+R34+T8+P8+L8+F8 -> 559 | AF34: kg | AH34: =((+AG26*(3.366-2.9))+((AG36*(2.9-2.4))))/3.6 -> 83.839424 | AI34: kW
D35: =+D15+O18+AC10 -> 692.24 | E35: kg | J35: =0.3*H30 -> 54 | K35: kg | AM35: =+V25 -> 20.6415 | AN35: =+W25 -> kWh
F36: 0.1 | G36: kWh | AG36: =+AG26-AE34 -> 42.782531 | AH36: kg
V39: 33 | W39: kg
H40: =+J35*0.5 -> 27
AM42: =+AJ31+AJ50-AM35 -> 186.90582 | AN42: kWh
T43: =+R53*0.1 -> 15.2358 | U43: kW
AA48: =3082/30 -> 102.73333
J49: 67 | K49: m3
AJ50: =+R53-T43 -> 137.1222 | AK50: kWh
AB52: =180+54-27 -> 207
R53: =+J49*2.274 -> 152.358 | S53: kW | AE53: =53+165 -> 218
AE54: =137+70 -> 207
F55: =0.8778*D35 -> 607.64827 | G55: kg
H65: 56.666667 | I65: kg
G71: Revisar tanque UASP

Sheet Ster_Conv
B2: Ste 1 | C2: Ste 2 | D2: Ste 3
A3: t (min) | B3: P (PSI) | F3: 2.32 | G3: 50
A4: 0 | B4: 0 | C4: 0 | D4: 0 | F4: 0.25 | G4: =+G3*F4/F3 -> 5.387931
A5: 5 | B5: 20 | C5: 0 | D5: 0
A6: 7 | B6: 35 | C6: 0 | D6: 0
A7: 12 | B7: 5 | C7: 0 | D7: 0
A8: 16 | B8: 35 | C8: 0 | D8: 0
A9: 20 | B9: 5 | C9: 0 | D9: 0
A10: 25 | B10: 40 | C10: 0 | D10: 0
A11: 28 | B11: 40 | C11: 0 | D11: 0
A12: 30 | B12: 40 | C12: 0 | D12: 0
A13: 32 | B13: 40 | C13: 0 | D13: 0
A14: 35 | B14: 40 | C14: 20 | D14: 0
A15: 40 | B15: 40 | C15: 35 | D15: 0
A16: 45 | B16: 40 | C16: 5 | D16: 0
... A20: 65 | B20: 40 | C20: 40 | D20: 0
B21: 20 | C21: 40 | D21: 0
A22: 70 | B22: 0 | C22: 40 | D22: 0
A23: 80 | B23: 0 | C23: 40 | D23: 20
A24: 85 | B24: 0 | C24: 40 | D24: 35
A25: 90 | B25: 0 | C25: 40 | D25: 5
A26: 95 | B26: 0 | C26: 40 | D26: 35
A27: 100 | B27: 0 | C27: 40 | D27: 5
A28: 105 | B28: 0 | C28: 20 | D28: 40
A29: 110 | B29: 0 | C29: 0 | D29: 40
A30: 115 | B30: 0 | C30: 0 | D30: 40
A31: 120 | B31: 0 | C31: 0 | D31: 40
A32: 125 | B32: 0 | C32: 0 | D32: 40
A33: 130 | B33: 0 | C33: 0 | D33: 40
... A39: 160 | B39: 40 | C39: 0 | D39: 0
A40: 165 | B40: 40 | C40: 0
A41: 170 | B41: 40 | C41: 0
A42: 175 | B42: 40 | C42: 0
A43: 180 | B43: 40
B44: 40
B45: 40
B46: 40
B47: 40
B48: 40
B49: 30

Sheet Hoja1
A1: Zona | B1: POM | C1: Horas netas de operación al año | D1: Columna1 | E1: Capacidad de la Planta ( t RFF/h) | F1: Fruta procesada | G1: Energía electrica consumida | H1: Columna2 | I1: Energía eléctica consumida | J1: Volumen de agua consumida en caldera | K1: Cantidad de agua en caldera (kg) | L1: Vapor especifico (kg/t rFF) | M1: Consumo de vapor proceso (kG/h) | N1: Tusa entera generada | O1: Tusa prensada generada | P1: Cantidad Tusa Entera (Global) | Q1: Tusa por RFF | R1: Ratio Tusa:RFF | S1: Tusa a campo | T1: Fibra generada | U1: Ratio Fibra:RFF | V1: Fibra por RFF | W1: Fibra a Caldera | X1: Relación uso fibra en caldera | Y1: Cusco generado | Z1: Ratio Cuesco:RFF | AA1: Cuesco por RFF | AB1: Cuesco a Caldera | AC1: Relación uso cuesco | AD1: Cantidad efluente | AE1: Efluente por RFF | AF1: Tiene carpado de lagunas? | AG1: Tiene captura de metano? | AH1: DQO entrada Lagunas | AI1: DQO salida Lagunas | AJ1: Eficiencia de remoción DQO | AK1: Generación con vapor | AL1: Generación con biogás | AM1: Red Nacional | AN1: Generación con diesél | AO1: Biomass | AP1: Biogas | AQ1: Electric grid | AR1: Diesel | AS1: Total | AU1: Producción media Tusa (t/h) | AV1: EFB (TJ) | AW1: Potencial especifico (tusa) (MJ/ t RFF) | AX1: Potencial tusa (MW) | AY1: Producción media fibra (t/h) | AZ1: MF (TJ) | BA1: Energía fibra en caldera (TJ) | BB1: total Fibra (MW) | BC1: Fibra Caldera (MW) | BD1: Fibra cogeneración (MW) | BE1: Potencial especifico (fibra) (MJ/ t RFF) | BF1: Producción media cuesco (t/h) | BG1: PKS (TJ) | BH1: Potencial especifico (cuesco) (MJ/ t RFF) | BI1: Energía cuesco en caldera (TJ) | BJ1: Total PKS (MW) | BK1: PKS Cogen | BL1: PKS caldera (MW) | BM1: Potencial energético biomasa solida (TJ) | BN1: Potencial energético (MW) | BO1: POME (TJ) | BP1: POME (MW) | BQ1: Columna1 | BR1: Potencial especifico (POME) (MJ/ t RFF)22 | BS1: Boiler biomass energy (MJ/t RFF) | BT1: Biomass energy potential | BU1: Boiler biomass energy (MW)
A2: Norte | B2: 2 | C2: 5966 | D2: =Resumen[[#This Row],[Horas netas de operación al año]]/8760 -> 0.68105023 | E2: =F2/C2 -> 41.354677 | F2: 246722 | G2: 5398064.2 | H2: =Resumen[[#This Row],[Energía electrica consumida]]/Resumen[[#This Row],[Fruta procesada]] -> 21.879136 | I2: =G2/1000 -> 5398.0642 | J2: 120893.78 | K2: =J2*[1]Variables!$C$9 -> 1.1750875e+08 | L2: =Resumen[[#This Row],[Cantidad de agua en caldera (kg)]]/Resumen[[#This Row],[Fruta procesada]] -> 476.28 | M2: =Resumen[[#This Row],[Cantidad de agua en caldera (kg)]]/Resumen[[#This Row],[Horas netas de operación al año]] -> 19696.405 | N2: 598 | O2: 34875 | P2: 55401.571 | Q2: =P2/F2*1000 -> 224.55059 | R2: =P2/F2 -> 0.22455059 | S2: 35473 | T2: 30914 | U2: =T2/F2 -> 0.12529892 | V2: =T2*1000/F2 -> 125.29892 | W2: 26030 | X2: =W2/T2 -> 0.84201333 | Y2: 10168 | Z2: =Y2/F2 -> 0.041212377 | AA2: =AB2*1000/F2 -> 41.212377 | AB2: 10168 | AC2: =AB2/Y2 -> 1 | AD2: 135697 | AE2: =AD2/F2 -> 0.54999959 | AF2: no | AG2: no | AH2: 97777 | AI2: 4583 | AJ2: =1 -AI2/AH2 -> 0.95312804 | AM2: 1 | AO2: =$G2/$C2*AK2 -> 0 | AP2: =$G2/$C2*AL2 -> 0 | AQ2: =$G2/$C2*AM2 -> 904.80459 | AR2: =$G2/$C2*AN2 -> 0 | AS2: =AO2+AP2+AQ2+AR2 -> 904.80459 | AU2: =#REF!/#REF! -> #REF! | AV2: =(#REF!*1000*[1]Biomass_Propierties!$L$15)/1000000000 -> #REF! | AW2: =+LineaBASE[[#This Row],[EFB (TJ)]]*1000000/Resumen[[#This Row],[Fruta procesada]] -> #REF! | AX2: =+LineaBASE[[#This Row],[EFB (TJ)]]*1000000/(Resumen[[#This Row],[Horas netas de operación al año]]*3600) -> #REF! | AY2: =#REF!/#REF! -> #REF! | AZ2: =#REF!*1000*[1]Biomass_Propierties!$N$15/1000000000 -> #REF! | BA2: =#REF!*1000*[1]Biomass_Propierties!$N$15/1000000000 -> #REF! | BB2: =+LineaBASE[[#This Row],[MF (TJ)]]*1000000/(Resumen[[#This Row],[Horas netas de operación al año]]*3600) -> #REF! | BC2: =+LineaBASE[[#This Row],[Energía fibra en caldera (TJ)]]*1000000/(Resumen[[#This Row],[Horas netas de operación al año]]*3600) -> #REF! | BD2: =IF(Resumen[[#This Row],[Biomass]]=0,0,LineaBASE[[#This Row],[Fibra Caldera (MW)]]) -> 0 | BE2: =(+LineaBASE[[#This Row],[MF (TJ)]]*1000000)/Resumen[[#This Row],[Fruta procesada]] -> #REF! | BF2: =#REF!/#REF! -> #REF! | BG2: =#REF!*1000*[1]Biomass_Propierties!$O$15/1000000000 -> #REF! | BH2: =+LineaBASE[[#This Row],[PKS (TJ)]]*1000000/Resumen[[#This Row],[Fruta procesada]] -> #REF! | BI2: =#REF!*1000*[1]Biomass_Propierties!$O$15/1000000000 -> #REF! | BJ2: =+LineaBASE[[#This Row],[PKS (TJ)]]*1000000/(Resumen[[#This Row],[Horas netas de operación al año]]*3600) -> #REF! | BK2: =IF(LineaBASE[[#This Row],[Fibra cogeneración (MW)]]=0,0,LineaBASE[[#This Row],[PKS caldera (MW)]]) -> 0 | BL2: =+LineaBASE[[#This Row],[Energía cuesco en caldera (TJ)]]*1000000/(Resumen[[#This Row],[Horas netas de operación al año]]*3600) -> #REF! | BM2: =+LineaBASE[[#This Row],[EFB (TJ)]]+LineaBASE[[#This Row],[MF (TJ)]]+LineaBASE[[#This Row],[PKS (TJ)]] -> #REF! | BN2: =+LineaBASE[[#This Row],[Total PKS (MW)]]+LineaBASE[[#This Row],[total Fibra (MW)]]+LineaBASE[[#This Row],[Potencial tusa (MW)]] -> #REF! | BO2: =+[1]Scenario2!AI2 -> 0 | BP2: =LineaBASE[[#This Row],[POME (TJ)]]*1000000/(Resumen[[#This Row],[Horas netas de operación al año]]*3600) -> 0 | BQ2: =IF(Resumen[[#This Row],[Biogas]]=0,0,LineaBASE[[#This Row],[POME (MW)]]) -> 0 | BR2: =LineaBASE[[#This Row],[POME (TJ)]]*1000000/Resumen[[#This Row],[Fruta procesada]] -> 0 | BS2: =(LineaBASE[[#This Row],[Energía cuesco en caldera (TJ)]]+LineaBASE[[#This Row],[Energía fibra en caldera (TJ)]])*1000000/#REF! -> #REF! | BT2: =+LineaBASE[[#This Row],[Potencial especifico (POME) (MJ/ t RFF)22]]+LineaBASE[[#This Row],[Potencial especifico (cuesco) (MJ/ t RFF)]]+LineaBASE[[#This Row],[Potencial especifico (fibra) (MJ/ t RFF)]]+LineaBASE[[#This Row],[Potencial especifico (tusa) (MJ/ t RFF)]] -> #REF! | BU2: =LineaBASE[[#This Row],[Boiler biomass energy (MJ/t RFF)]]*Resumen[[#This Row],[Fruta procesada]]/(Resumen[[#This Row],[Horas netas de operación al año]]*3600) -> #REF!
A3: Norte | B3: 3 | C3: 6357 | D3: =Resumen[[#This Row],[Horas netas de operación al año]]/8760 -> 0.72568493 | E3: =F3/C3 -> 27.681139 | F3: 175969 | G3: 3083731 | H3: =Resumen[[#This Row],[Energía electrica consumida]]/Resumen[[#This Row],[Fruta procesada]] -> 17.524286 | I3: =G3/1000 -> 3083.731 | J3: 83534.5 | K3: =J3*[1]Variables!$C$9 -> 81195534 | L3: =Resumen[[#This Row],[Cantidad de agua en caldera (kg)]]/Resumen[[#This Row],[Fruta procesada]] -> 461.41953 | M3: =Resumen[[#This Row],[Cantidad de agua en caldera (kg)]]/Resumen[[#This Row],[Horas netas de operación al año]] -> 12772.618 | O3: 27262 | P3: 42840.286 | Q3: =P3/F3*1000 -> 243.4536 | R3: =P3/F3 -> 0.2434536 | S3: 23172.7 | T3: 20746.745 | U3: =T3/F3 -> 0.1179 | V3: =T3*1000/F3 -> 117.9 | W3: 10241.745 | X3: =W3/T3 -> 0.49365551 | Y3: 10558.14 | Z3: =Y3/F3 -> 0.06 | AA3: =AB3*1000/F3 -> 47.173877 | AB3: 8301.14 | AC3: =AB3/Y3 -> 0.78623129 | AD3: 105606 | AE3: =AD3/F3 -> 0.6001398 | AF3: no | AG3: no | AH3: 74496 | AI3: 2623 | AJ3: =1 -AI3/AH3 -> 0.96479006 | AK3: 0.7912 | AM3: 0.1977 | AN3: 0.011 | AO3: =$G3/$C3*AK3 -> 383.80493 | AP3: =$G3/$C3*AL3 -> 0 | AQ3: =$G3/$C3*AM3 -> 95.902724 | AR3: =$G3/$C3*AN3 -> 5.336014 | AS3: =AO3+AP3+AQ3+AR3 -> 485.04367 | AU3: =P2/C2 -> 9.2862171 | AV3: =(P2*1000*[1]Biomass_Propierties!$L$15)/1000000000 -> 356.25637 | AW3: =+LineaBASE[[#This Row],[EFB (TJ)]]*1000000/Resumen[[#This Row],[Fruta procesada]] -> 2024.5405 | AX3: =+LineaBASE[[#This Row],[EFB (TJ)]]*1000000/(Resumen[[#This Row],[Horas netas de operación al año]]*3600) -> 15.567108 | AY3: =T2/C2 -> 5.1816963 | AZ3: =T2*1000*[1]Biomass_Propierties!$N$15/1000000000 -> 371.60517 | BA3: =W2*1000*[1]Biomass_Propierties!$N$15/1000000000 -> 312.8965 | BB3: =+LineaBASE[[#This Row],[MF (TJ)]]*1000000/(Resumen[[#This Row],[Horas netas de operación al año]]*3600) -> 16.237794 | BC3: =+LineaBASE[[#This Row],[Energía fibra en caldera (TJ)]]*1000000/(Resumen[[#This Row],[Horas netas de operación al año]]*3600) -> 13.672439 | BD3: =IF(Resumen[[#This Row],[Biomass]]=0,0,LineaBASE[[#This Row],[Fibra Caldera (MW)]]) -> 13.672439 | BE3: =(+LineaBASE[[#This Row],[MF (TJ)]]*1000000)/Resumen[[#This Row],[Fruta procesada]] -> 2111.765 | BF3: =Y2/C2 -> 1.7043245 | BG3: =Y2*1000*[1]Biomass_Propierties!$O$15/1000000000 -> 185.36367 | BH3: =+LineaBASE[[#This Row],[PKS (TJ)]]*1000000/Resumen[[#This Row],[Fruta procesada]] -> 1053.3882 | BI3: =AB2*1000*[1]Biomass_Propierties!$O$15/1000000000 -> 185.36367 | BJ3: =+LineaBASE[[#This Row],[PKS (TJ)]]*1000000/(Resumen[[#This Row],[Horas netas de operación al año]]*3600) -> 8.0997183 | BK3: =IF(LineaBASE[[#This Row],[Fibra cogeneración (MW)]]=0,0,LineaBASE[[#This Row],[PKS caldera (MW)]]) -> 8.0997183 | BL3: =+LineaBASE[[#This Row],[Energía cuesco en caldera (TJ)]]*1000000/(Resumen[[#This Row],[Horas netas de operación al año]]*3600) -> 8.0997183 | BM3: =+LineaBASE[[#This Row],[EFB (TJ)]]+LineaBASE[[#This Row],[MF (TJ)]]+LineaBASE[[#This Row],[PKS (TJ)]] -> 913.22521 | BN3: =+LineaBASE[[#This Row],[Total PKS (MW)]]+LineaBASE[[#This Row],[total Fibra (MW)]]+LineaBASE[[#This Row],[Potencial tusa (MW)]] -> 39.90462 | BO3: =+[1]Scenario2!AI3 -> Potencial POME (TJ) | BP3: =LineaBASE[[#This Row],[POME (TJ)]]*1000000/(Resumen[[#This Row],[Horas netas de operación al año]]*3600) -> #VALUE! | BQ3: =IF(Resumen[[#This Row],[Biogas]]=0,0,LineaBASE[[#This Row],[POME (MW)]]) -> 0 | BR3: =LineaBASE[[#This Row],[POME (TJ)]]*1000000/Resumen[[#This Row],[Fruta procesada]] -> #VALUE! | BS3: =(LineaBASE[[#This Row],[Energía cuesco en caldera (TJ)]]+LineaBASE[[#This Row],[Energía fibra en caldera (TJ)]])*1000000/F2 -> 2019.5207 | BT3: =+LineaBASE[[#This Row],[Potencial especifico (POME) (MJ/ t RFF)22]]+LineaBASE[[#This Row],[Potencial especifico (cuesco) (MJ/ t RFF)]]+LineaBASE[[#This Row],[Potencial especifico (fibra) (MJ/ t RFF)]]+LineaBASE[[#This Row],[Potencial especifico (tusa) (MJ/ t RFF)]] -> #VALUE! | BU3: =LineaBASE[[#This Row],[Boiler biomass energy (MJ/t RFF)]]*Resumen[[#This Row],[Fruta procesada]]/(Resumen[[#This Row],[Horas netas de operación al año]]*3600) -> 15.528509
A4: Norte | B4: 4 | C4: 6642 | D4: =Resumen[[#This Row],[Horas netas de operación al año]]/8760 -> 0.75821918 | E4: =F4/C4 -> 24.339901 | F4: 161665.62 | G4: 2740934.2 | H4: =Resumen[[#This Row],[Energía electrica consumida]]/Resumen[[#This Row],[Fruta procesada]] -> 16.954342 | I4: =G4/1000 -> 2740.9342 | J4: 137065.6 | K4: =J4*[1]Variables!$C$9 -> 1.3322776e+08 | L4: =Resumen[[#This Row],[Cantidad de agua en caldera (kg)]]/Resumen[[#This Row],[Fruta procesada]] -> 824.09459 | M4: =Resumen[[#This Row],[Cantidad de agua en caldera (kg)]]/Resumen[[#This Row],[Horas netas de operación al año]] -> 20058.38 | N4: 37026 | P4: 37026 | Q4: =P4/F4*1000 -> 229.02829 | R4: =P4/F4 -> 0.22902829 | S4: 37026 | T4: 22633 | U4: =T4/F4 -> 0.13999884 | V4: =T4*1000/F4 -> 139.99884 | W4: 15843.1 | X4: =W4/T4 -> 0.7 | Y4: 7275 | Z4: =Y4/F4 -> 0.045000291 | AA4: =AB4*1000/F4 -> 36.92195 | AB4: 5969.01 | AC4: =AB4/Y4 -> 0.82048247 | AD4: 106699.31 | AE4: =AD4/F4 -> 0.66 | AF4: no | AG4: no | AH4: 91573 | AI4: 2490 | AJ4: =1 -AI4/AH4 -> 0.97280858 | AM4: 0.864 | AN4: 0.136 | AO4: =$G4/$C4*AK4 -> 0 | AP4: =$G4/$C4*AL4 -> 0 | AQ4: =$G4/$C4*AM4 -> 356.54428 | AR4: =$G4/$C4*AN4 -> 56.122712 | AS4: =AO4+AP4+AQ4+AR4 -> 412.667 | AU4: =P3/C3 -> 6.7390728 | AV4: =(P3*1000*[1]Biomass_Propierties!$L$15)/1000000000 -> 275.4818 | AW4: =+LineaBASE[[#This Row],[EFB (TJ)]]*1000000/Resumen[[#This Row],[Fruta procesada]] -> 1704.0222 | AX4: =+LineaBASE[[#This Row],[EFB (TJ)]]*1000000/(Resumen[[#This Row],[Horas netas de operación al año]]*3600) -> 11.521036 | AY4: =T3/C3 -> 3.2636063 | AZ4: =T3*1000*[1]Biomass_Propierties!$N$15/1000000000 -> 249.38855 | BA4: =W3*1000*[1]Biomass_Propierties!$N$15/1000000000 -> 123.11203 | BB4: =+LineaBASE[[#This Row],[MF (TJ)]]*1000000/(Resumen[[#This Row],[Horas netas de operación al año]]*3600) -> 10.42978 | BC4: =+LineaBASE[[#This Row],[Energía fibra en caldera (TJ)]]*1000000/(Resumen[[#This Row],[Horas netas de operación al año]]*3600) -> 5.1487183 | BD4: =IF(Resumen[[#This Row],[Biomass]]=0,0,LineaBASE[[#This Row],[Fibra Caldera (MW)]]) -> 0 | BE4: =(+LineaBASE[[#This Row],[MF (TJ)]]*1000000)/Resumen[[#This Row],[Fruta procesada]] -> 1542.6196 | BF4: =Y3/C3 -> 1.6608683 | BG4: =Y3*1000*[1]Biomass_Propierties!$O$15/1000000000 -> 192.47596 | BH4: =+LineaBASE[[#This Row],[PKS (TJ)]]*1000000/Resumen[[#This Row],[Fruta procesada]] -> 1190.5807 | BI4: =AB3*1000*[1]Biomass_Propierties!$O$15/1000000000 -> 151.33063 | BJ4: =+LineaBASE[[#This Row],[PKS (TJ)]]*1000000/(Resumen[[#This Row],[Horas netas de operación al año]]*3600) -> 8.0496154 | BK4: =IF(LineaBASE[[#This Row],[Fibra cogeneración (MW)]]=0,0,LineaBASE[[#This Row],[PKS caldera (MW)]]) -> 0 | BL4: =+LineaBASE[[#This Row],[Energía cuesco en caldera (TJ)]]*1000000/(Resumen[[#This Row],[Horas netas de operación al año]]*3600) -> 6.3288595 | BM4: =+LineaBASE[[#This Row],[EFB (TJ)]]+LineaBASE[[#This Row],[MF (TJ)]]+LineaBASE[[#This Row],[PKS (TJ)]] -> 717.34632 | BN4: =+LineaBASE[[#This Row],[Total PKS (MW)]]+LineaBASE[[#This Row],[total Fibra (MW)]]+LineaBASE[[#This Row],[Potencial tusa (MW)]] -> 30.000432 | BO4: =+[1]Scenario2!AI4 -> 135.05774 | BP4: =LineaBASE[[#This Row],[POME (TJ)]]*1000000/(Resumen[[#This Row],[Horas netas de operación al año]]*3600) -> 5.6483047 | BQ4: =IF(Resumen[[#This Row],[Biogas]]=0,0,LineaBASE[[#This Row],[POME (MW)]]) -> 0 | BR4: =LineaBASE[[#This Row],[POME (TJ)]]*1000000/Resumen[[#This Row],[Fruta procesada]] -> 835.41413 | BS4: =(LineaBASE[[#This Row],[Energía cuesco en caldera (TJ)]]+LineaBASE[[#This Row],[Energía fibra en caldera (TJ)]])*1000000/F3 -> 1559.608 | BT4: =+LineaBASE[[#This Row],[Potencial especifico (POME) (MJ/ t RFF)22]]+LineaBASE[[#This Row],[Potencial especifico (cuesco) (MJ/ t RFF)]]+LineaBASE[[#This Row],[Potencial especifico (fibra) (MJ/ t RFF)]]+LineaBASE[[#This Row],[Potencial especifico (tusa) (MJ/ t RFF)]] -> 5272.6366 | BU4: =LineaBASE[[#This Row],[Boiler biomass energy (MJ/t RFF)]]*Resumen[[#This Row],[Fruta procesada]]/(Resumen[[#This Row],[Horas netas de operación al año]]*3600) -> 10.54464
C5: =SUBTOTAL(107,Resumen[Horas netas de operación al año]) -> 339.38228 | D5: =SUBTOTAL(101,Resumen[Columna1]) -> 0.72165145 | E5: =SUBTOTAL(101,Resumen[Capacidad de la Planta ( t RFF/h)]) -> 31.125239 | F5: =SUBTOTAL(109,Resumen[Fruta procesada]) -> 584356.62 | H5: =SUBTOTAL(101,Resumen[Columna2]) -> 18.785921 | L5: =SUBTOTAL(107,Resumen[Vapor especifico (kg/t rFF)]) -> 205.23524 | M5: =SUBTOTAL(101,Resumen[Consumo de vapor proceso (kG/h)]) -> 17509.135 | Q5: =SUBTOTAL(101,Resumen[Tusa por RFF]) -> 232.34416 | R5: =SUBTOTAL(107,Resumen[Ratio Tusa:RFF]) -> 0.0098781135 | V5: =SUBTOTAL(101,Resumen[Fibra por RFF]) -> 127.73259 | X5: =SUBTOTAL(101,Resumen[Relación uso fibra en caldera]) -> 0.67855628 | AA5: =SUBTOTAL(101,Resumen[Cuesco por RFF]) -> 41.769401 | AC5: =SUBTOTAL(101,Resumen[Relación uso cuesco]) -> 0.86890459 | AE5: =SUBTOTAL(107,Resumen[Efluente por RFF]) -> 0.05507173 | AH5: =SUBTOTAL(101,Resumen[DQO entrada Lagunas]) -> 87948.667 | AJ5: =SUBTOTAL(101,Resumen[Eficiencia de remoción DQO]) -> 0.96357556 | AO5: =SUBTOTAL(109,Resumen[Biomass]) -> 383.80493 | AP5: =SUBTOTAL(109,Resumen[Biogas]) -> 0 | AQ5: =SUBTOTAL(109,Resumen[Electric grid]) -> 1357.2516 | AR5: =SUBTOTAL(109,Resumen[Diesel]) -> 61.458726 | AS5: =SUBTOTAL(109,Resumen[Total]) -> 1802.5153 | AU5: =P4/C4 -> 5.5745257 | AV5: =(P4*1000*[1]Biomass_Propierties!$L$15)/1000000000 -> 238.0934 | AW5: =+LineaBASE[[#This Row],[EFB (TJ)]]*1000000/Resumen[[#This Row],[Fruta procesada]] -> #VALUE! | AX5: =+LineaBASE[[#This Row],[EFB (TJ)]]*1000000/(Resumen[[#This Row],[Horas netas de operación al año]]*3600) -> #VALUE! | AY5: =T4/C4 -> 3.407558 | AZ5: =T4*1000*[1]Biomass_Propierties!$N$15/1000000000 -> 272.06249 | BA5: =W4*1000*[1]Biomass_Propierties!$N$15/1000000000 -> 190.44374 | BB5: =+LineaBASE[[#This Row],[MF (TJ)]]*1000000/(Resumen[[#This Row],[Horas netas de operación al año]]*3600) -> #VALUE! | BC5: =+LineaBASE[[#This Row],[Energía fibra en caldera (TJ)]]*1000000/(Resumen[[#This Row],[Horas netas de operación al año]]*3600) -> #VALUE! | BD5: =IF(Resumen[[#This Row],[Biomass]]=0,0,LineaBASE[[#This Row],[Fibra Caldera (MW)]]) -> #VALUE! | BE5: =(+LineaBASE[[#This Row],[MF (TJ)]]*1000000)/Resumen[[#This Row],[Fruta procesada]] -> #VALUE! | BF5: =Y4/C4 -> 1.0953026 | BG5: =Y4*1000*[1]Biomass_Propierties!$O$15/1000000000 -> 132.62399 | BH5: =+LineaBASE[[#This Row],[PKS (TJ)]]*1000000/Resumen[[#This Row],[Fruta procesada]] -> #VALUE! | BI5: =AB4*1000*[1]Biomass_Propierties!$O$15/1000000000 -> 108.81566 | BJ5: =+LineaBASE[[#This Row],[PKS (TJ)]]*1000000/(Resumen[[#This Row],[Horas netas de operación al año]]*3600) -> #VALUE! | BK5: =IF(LineaBASE[[#This Row],[Fibra cogeneración (MW)]]=0,0,LineaBASE[[#This Row],[PKS caldera (MW)]]) -> #VALUE! | BL5: =+LineaBASE[[#This Row],[Energía cuesco en caldera (TJ)]]*1000000/(Resumen[[#This Row],[Horas netas de operación al año]]*3600) -> #VALUE! | BM5: =+LineaBASE[[#This Row],[EFB (TJ)]]+LineaBASE[[#This Row],[MF (TJ)]]+LineaBASE[[#This Row],[PKS (TJ)]] -> 642.77988 | BN5: =+LineaBASE[[#This Row],[Total PKS (MW)]]+LineaBASE[[#This Row],[total Fibra (MW)]]+LineaBASE[[#This Row],[Potencial tusa (MW)]] -> #VALUE! | BO5: =+[1]Scenario2!AI5 -> 152.50699 | BP5: =LineaBASE[[#This Row],[POME (TJ)]]*1000000/(Resumen[[#This Row],[Horas netas de operación al año]]*3600) -> #VALUE! | BQ5: =IF(Resumen[[#This Row],[Biogas]]=0,0,LineaBASE[[#This Row],[POME (MW)]]) -> #VALUE! | BR5: =LineaBASE[[#This Row],[POME (TJ)]]*1000000/Resumen[[#This Row],[Fruta procesada]] -> #VALUE! | BS5: =(LineaBASE[[#This Row],[Energía cuesco en caldera (TJ)]]+LineaBASE[[#This Row],[Energía fibra en caldera (TJ)]])*1000000/F4 -> 1851.1011 | BT5: =+LineaBASE[[#This Row],[Potencial especifico (POME) (MJ/ t RFF)22]]+LineaBASE[[#This Row],[Potencial especifico (cuesco) (MJ/ t RFF)]]+LineaBASE[[#This Row],[Potencial especifico (fibra) (MJ/ t RFF)]]+LineaBASE[[#This Row],[Potencial especifico (tusa) (MJ/ t RFF)]] -> #VALUE! | BU5: =LineaBASE[[#This Row],[Boiler biomass energy (MJ/t RFF)]]*Resumen[[#This Row],[Fruta procesada]]/(Resumen[[#This Row],[Horas netas de operación al año]]*3600) -> #VALUE!
AU6: Total | AV6: =SUBTOTAL(109,LineaBASE[EFB (TJ)]) -> #REF! | AW6: =SUBTOTAL(107,LineaBASE[Potencial especifico (tusa) (MJ/ t RFF)]) -> #REF! | AX6: =SUBTOTAL(109,LineaBASE[Potencial tusa (MW)]) -> #REF! | AZ6: =SUBTOTAL(109,LineaBASE[MF (TJ)]) -> #REF! | BA6: =SUBTOTAL(109,LineaBASE[Energía fibra en caldera (TJ)]) -> #REF! | BB6: =SUBTOTAL(109,LineaBASE[total Fibra (MW)]) -> #REF! | BC6: =SUBTOTAL(109,LineaBASE[Fibra Caldera (MW)]) -> #REF! | BD6: =SUBTOTAL(109,LineaBASE[Fibra cogeneración (MW)]) -> #VALUE! | BE6: =SUBTOTAL(107,LineaBASE[Potencial especifico (fibra) (MJ/ t RFF)]) -> #REF! | BG6: =SUBTOTAL(109,LineaBASE[PKS (TJ)]) -> #REF! | BH6: =SUBTOTAL(107,LineaBASE[Potencial especifico (cuesco) (MJ/ t RFF)]) -> #REF! | BI6: =SUBTOTAL(109,LineaBASE[Energía cuesco en caldera (TJ)]) -> #REF! | BJ6: =SUBTOTAL(109,LineaBASE[Total PKS (MW)]) -> #REF! | BK6: =SUBTOTAL(109,LineaBASE[PKS Cogen]) -> #VALUE! | BL6: =SUBTOTAL(109,LineaBASE[PKS caldera (MW)]) -> #REF! | BM6: =SUBTOTAL(109,LineaBASE[Potencial energético biomasa solida (TJ)]) -> #REF! | BN6: =SUBTOTAL(109,LineaBASE[Potencial energético (MW)]) -> #REF! | BO6: =SUBTOTAL(109,LineaBASE[POME (TJ)]) -> 287.56473 | BP6: =SUBTOTAL(109,LineaBASE[POME (MW)]) -> #VALUE! | BQ6: =SUBTOTAL(109,LineaBASE[Columna1]) -> #VALUE! | BR6: =SUBTOTAL(107,LineaBASE[Potencial especifico (POME) (MJ/ t RFF)22]) -> #VALUE! | BT6: =SUBTOTAL(101,LineaBASE[Biomass energy potential]) -> #REF!

Sheet EE_PB
D2: 30 | E2: 40 | F2: 30 | G2: 24 | H2: 24 | I2: 20 | M2: 30 | N2: 40 | O2: 30 | P2: 24 | Q2: 24 | R2: 20
B3: Parametro | C3: Unidad | D3: Planta extractora
D4: Palmaceite Planta A | E4: Aceites Planta B | F4: Extrarsa Planta C | G4: Tequendama Planta D | H4: Gradesa Planta E | I4: Padelma Planta F
B5: Consumo de vapor en proceso | C5: kg t RFF-1 | D5: 542 | E5: 442 | F5: 452 | G5: 517 | H5: 430 | I5: 470 | T5: =+Scenarios1!#REF!*M2 -> #REF! | U5: =+Scenarios1!#REF!*N2 -> #REF! | V5: =+Scenarios1!#REF!*O2 -> #REF! | W5: =+Scenarios1!#REF!*P2 -> #REF! | X5: =+Scenarios1!#REF!*Q2 -> #REF! | Y5: =+Scenarios1!#REF!*R2 -> #REF!
B6: Consumo de electricidad en PB | C6: kWh t RFF-1 | D6: 19.5 | E6: 18.7 | F6: 20.1 | G6: 20.4 | H6: 21.7 | I6: 18.9 | J6: =+AVERAGE(D6:I6) -> 19.883333 | T6: =+L22*M2 -> 23175 | U6: =+O22*N2 -> 26304 | V6: =+R22*O2 -> 19458 | W6: =+U22*P2 -> 16358.4 | X6: =+X22*Q2 -> 21749.76 | Y6: =+AA22*R2 -> 7280
B7: Consumo de diésel en PB | C7: L t RFF-1 | D7: 0.01 | E7: 0.38 | F7: 0.02 | G7: 0.09 | H7: 0.04 | I7: 0.1 | J7: 49.17 | K7: =+J7/J6 -> 2.4729254
B8: Biomasa usada como combustible
B9: Cuesco | C9: kg t RFF-1 | D9: 58.2 | E9: 105.5 | F9: 98 | G9: 102.7 | H9: =+H41/H17*1000 -> 125.02886 | I9: =+I41/I17*1000 -> 125.09479
B10: Fibra | C10: kg t RFF-1 | D10: 47.2 | E10: 41.2 | F10: 36.9 | G10: 31.28 | H10: 42.5 | I10: 45.9
B11: Raquis | C11: kg t RFF-1 | D11: 243.5 | E11: 224.6 | F11: 229 | G11: 185.5 | H11: 243.3 | I11: 213.5
B12: Eficiencia térmica/electrica sistema de combustión | C12: % | D12: 76/13 | E12: 55/0 | F12: 62/0 | G12: 53/0 | H12: 65/0% | I12: 47/0
B13: Eficiencia eléctrica planta de biogás | C13: % | D13: N.A. | E13: N.A. | F13: N.A. | G13: 15 | H13: N.A. | I13: N.A.
L14: =+D15 -> Planta A | O14: =+E15 -> Planta B | R14: =+F15 -> Planta C | U14: =+G15 -> Planta D | X14: =+H15 -> Planta E | AA14: =+I15 -> Planta F
D15: Planta A | E15: Planta B | F15: Planta C | G15: Planta D | H15: Planta E | I15: Planta F | L15: LB | M15: ERI - 1 | N15: ERI - 2 | O15: LB | P15: ERI - 1 | Q15: ERI - 2 | R15: LB | S15: ERI - 1 | T15: ERI - 2 | U15: LB | V15: ERI - 1 | W15: ERI - 2 | X15: LB | Y15: ERI - 1 | Z15: ERI - 2 | AA15: LB | AB15: ERI - 1 | AC15: ERI - 2
B16: Capacidad de procesamiento | C16: tRFF h-1 | D16: 30000 | E16: 40000 | F16: 30000 | G16: 24000 | H16: 24000 | I16: 15000 | K16: Combustion | L16: 850 | M16: 4950 | N16: 2100 | P16: 6600 | Q16: 2800 | S16: 4950 | T16: 2100 | U16: 0 | V16: 3960 | W16: 1680 | X16: 0 | Y16: 3960 | Z16: 1680 | AA16: 0 | AB16: 3300 | AC16: 1400 | AD16: =+M16+P16+S16+V16+Y16+AB16 -> 27720 | AE16: =+N16+Q16+T16+W16+Z16+AC16 -> 11760
B17: Fruto procesado | C17: tRFF año-1 | D17: 153157 | E17: 206207 | F17: 177589 | G17: 131909 | H17: 75534 | I17: 38620 | K17: Digestión anerobica | L17: 0 | M17: 1590 | N17: 4110 | P17: 2120 | Q17: 5480 | S17: 1590 | T17: 4110 | U17: 600 | V17: 1272 | W17: 3288 | X17: 0 | Y17: 1272 | Z17: 3288 | AA17: 0 | AB17: 1060 | AC17: 2740 | AD17: =+M17+P17+S17+V17+Y17+AB17 -> 8904 | AE17: =+N17+Q17+T17+W17+Z17+AC17 -> 23016
B18: Horas de operación | C18: h año-1 | D18: =+D17/D16*1000 -> 5105.2333 | E18: =+E17/E16*1000 -> 5155.175 | F18: =+F17/F16*1000 -> 5919.6333 | G18: =+G17/G16*1000 -> 5496.2083 | H18: =+H17/H16*1000 -> 3147.25 | I18: =+I17/I16*1000 -> 2574.6667 | AD18: =SUM(AD16:AD17) -> 36624 | AE18: =SUM(AE16:AE17) -> 34776
B19: Tasa de extracción aceite | C19: % ACP tRFF-1 | D19: 20.71 | E19: 20.55 | F19: 19.68 | G19: 19.9 | H19: 20.77 | I19: 19.3 | M19: =+M22/D2 -> 54.016019 | N19: =+N22/D2 -> 43.653257 | P19: =+P22/E2 -> 56.994476 | Q19: =+Q22/E2 -> 47.60571 | S19: =+S22/F2 -> 48.737355 | T19: =+T22/F2 -> 46.469273 | V19: =+V22/G2 -> 66.26111 | W19: =+W22/G2 -> 49.845496 | Y19: =+Y22/H2 -> 61.901985 | Z19: =+Z22/H2 -> 61.770828 | AB19: =+AB22/I2 -> 65.067496 | AC19: =+AC22/I2 -> 45.700514 | AD19: =+AD18/410000 -> 0.089326829 | AE19: =+AE18/410000 -> 0.084819512
B20: Aceite crudo producido | C20: tACP año-1 | D20: =+D17*D19/100 -> 31718.815 | E20: =+E17*E19/100 -> 42375.539 | F20: =+F17*F19/100 -> 34949.515 | G20: =+G17*G19/100 -> 26249.891 | H20: =+H17*H19/100 -> 15688.412 | I20: =+I17*I19/100 -> 7453.66 | L20: =+L14 -> Planta A | O20: =+O14 -> Planta B | R20: =+R14 -> Planta C | U20: =+U14 -> Planta D | X20: =+X14 -> Planta E | AA20: =+AA14 -> Planta F | AF20: =+L20 -> Planta A | AH20: =+O20 -> Planta B | AJ20: =+R20 -> Planta C | AL20: =+U20 -> Planta D | AN20: =+X20 -> Planta E | AP20: =+AA20 -> Planta F | AU20: =AF27 -> LB | AW20: =AH27 -> ERI - 1 | AY20: =AJ27 -> ERI - 2 | BC20: η Proceso | BF20: Iexc
B21: PKO producido | C21: tPKO año-1 | D21: 7636 | E21: 10292 | F21: 7926 | G21: 5576 | H21: 2803 | I21: 2177 | L21: LB | M21: ERI - 1 | N21: ERI - 2 | O21: LB | P21: ERI - 1 | Q21: ERI - 2 | R21: LB | S21: ERI - 1 | T21: ERI - 2 | U21: LB | V21: ERI - 1 | W21: ERI - 2 | X21: LB | Y21: ERI - 1 | Z21: ERI - 2 | AA21: LB | AB21: ERI - 1 | AC21: ERI - 2 | AF21: η Proceso | AG21: Iexc | AH21: η Proceso | AI21: Iexc | AJ21: η Proceso | AK21: Iexc | AL21: η Proceso | AM21: Iexc | AN21: η Proceso | AO21: Iexc | AP21: η Proceso | AQ21: Iexc | AU21: =AF28 -> η Proceso | AV21: =AG28 -> Iexc | AW21: =AH28 -> η Proceso | AX21: =AI28 -> Iexc | AY21: =AJ28 -> η Proceso | AZ21: =AK28 -> Iexc | BC21: LB | BD21: ERI - 1 | BE21: ERI - 2 | BF21: LB | BG21: ERI - 1 | BH21: ERI - 2
B22: Humedad PKO | C22: % | D22: 6.38 | E22: 7.24 | F22: 6.78 | G22: 4.5 | H22: 6.74 | I22: 4.04 | K22: Electricidad | L22: =+Eficiencia!N23*Eficiencia!O1 -> 772.5 | M22: =+Scenarios1!C37 -> 1620.4806 | N22: =+Scenarios2!C50 -> 1309.5977 | O22: =+Eficiencia!P23*Eficiencia!Q1 -> 657.6 | P22: =+Scenarios1!D37 -> 2279.779 | Q22: =+Scenarios2!D50 -> 1904.2284 | R22: =+Eficiencia!R23*Eficiencia!S1 -> 648.6 | S22: =+Scenarios1!E37 -> 1462.1206 | T22: =+Scenarios2!E50 -> 1394.0782 | U22: =+Eficiencia!T23*Eficiencia!U1 -> 681.6 | V22: =+Scenarios1!F37 -> 1590.2666 | W22: =+Scenarios2!F50 -> 1196.2919 | X22: =+Eficiencia!V23*Eficiencia!W1 -> 906.24 | Y22: =+Scenarios1!G37 -> 1485.6476 | Z22: =+Scenarios2!G50 -> 1482.4999 | AA22: =+Eficiencia!X23*Eficiencia!Y1 -> 364 | AB22: =+Scenarios1!H37 -> 1301.3499 | AC22: =+Scenarios2!H50 -> 914.01027 | AE22: LB | AF22: =+L30 -> 0.21366301 | AG22: =+L29 -> 0 | AH22: =+O30 -> 0.15522087 | AI22: =+O29 -> 0 | AJ22: =+R30 -> 0.17340123 | AK22: =+R29 -> 0 | AL22: =+U30 -> 0.16190252 | AM22: =+U29 -> 0 | AN22: =+X30 -> 0.14791053 | AO22: =+X29 -> 0 | AP22: =+AA30 -> 0.19027946 | AQ22: =+AA29 -> 0 | AT22: =AE29 -> Planta A | AU22: =AF29 -> 0.21366301 | AV22: =AG29 -> 0 | AW22: =AH29 -> 0.6985155 | AX22: =AI29 -> 222.08732 | AY22: =AJ29 -> 0.47504561 | AZ22: =AK29 -> 126.13545 | BB22: =AT22 -> Planta A | BC22: =AU22 -> 0.21366301 | BD22: =AW22 -> 0.6985155 | BE22: =AY22 -> 0.47504561 | BF22: =+AV22 -> 0 | BG22: =+AX22 -> 222.08732 | BH22: =+AZ22 -> 126.13545
B23: Vapor de esterilización | C23: kgvapor h-1 | D23: 6370.984 | E23: 8060.2724 | F23: 7036.2621 | G23: 5292.1844 | H23: 5152.7232 | I23: 4060.2852 | K23: Térmica | L23: =+Eficiencia!O23 -> 11627.406 | M23: =+Scenarios1!C15 -> 13979.42 | N23: =+Scenarios2!C15 -> 15732.057 | O23: =+Eficiencia!Q23 -> 14954.074 | P23: =+Scenarios1!D15 -> 18422.129 | Q23: =+Scenarios2!D15 -> 20585.879 | R23: =+Eficiencia!S23 -> 12199.799 | S23: =+Scenarios1!E15 -> 14830.299 | T23: =+Scenarios2!E15 -> 16481.961 | U23: =+Eficiencia!U23 -> 9180.352 | V23: =+Scenarios1!F15 -> 11273.599 | W23: =+Scenarios2!F15 -> 12346.819 | X23: =+Eficiencia!W23 -> 10323.694 | Y23: =+Scenarios1!G15 -> 12982.594 | Z23: =+Scenarios2!G15 -> 14738.116 | AA23: =+Eficiencia!Y23 -> 7436.5472 | AB23: =+Scenarios1!H15 -> 9147.6583 | AC23: =+Scenarios2!H15 -> 10174.237 | AE23: ERI - 1 | AF23: =+M30 -> 0.6985155 | AG23: =+M29 -> 222.08732 | AH23: =+P30 -> 0.70013421 | AI23: =+P29 -> 212.3814 | AJ23: =+S30 -> 0.74714812 | AK23: =+S29 -> 222.39182 | AL23: =+V30 -> 0.74714812 | AM23: =+V29 -> 217.54726 | AN23: =+Y30 -> 0.66267241 | AO23: =+Y29 -> 227.10538 | AP23: =+AB30 -> 0.71914477 | AQ23: =+AB29 -> 224.56566 | AT23: =AE30 -> Planta B | AU23: =AF30 -> 0.15522087 | AV23: =AG30 -> 0 | AW23: =AH30 -> 0.70013421 | AX23: =AI30 -> 212.3814 | AY23: =AJ30 -> 0.49933622 | AZ23: =AK30 -> 125.78878 | BB23: =AT23 -> Planta B | BC23: =AU23 -> 0.15522087 | BD23: =AW23 -> 0.70013421 | BE23: =AY23 -> 0.49933622 | BG23: =+AX23 -> 212.3814 | BH23: =+AZ23 -> 125.78878
B24: Deshidratación del fruto | C24: % | D24: 11.795251 | E24: 11.117052 | F24: 12.057999 | G24: 10.316934 | H24: 12.316739 | I24: 12.12801 | AE24: ERI - 2 | AF24: =+N30 -> 0.47504561 | AG24: =+N29 -> 126.13545 | AH24: =+Q30 -> 0.49933622 | AI24: =+Q29 -> 125.78878 | AJ24: =+T30 -> 0.37960011 | AK24: =+T29 -> 133.81455 | AL24: =+W30 -> 0.51030421 | AM24: =+W29 -> 125.11269 | AN24: =+Z30 -> 0.46997837 | AO24: =+Z29 -> 138.80405 | AP24: =+AC30 -> 0.48625571 | AQ24: =+AC29 -> 124.89592 | AT24: =AE31 -> Planta C | AU24: =AF31 -> 0.17340123 | AV24: =AG31 -> 0 | AW24: =AH31 -> 0.54015756 | AX24: =AI31 -> 222.39182 | AY24: =AJ31 -> 0.37960011 | AZ24: =AK31 -> 133.81455 | BB24: =AT24 -> Planta C | BC24: =AU24 -> 0.17340123 | BD24: =AW24 -> 0.54015756 | BE24: =AY24 -> 0.37960011 | BG24: =+AX24 -> 222.39182 | BH24: =+AZ24 -> 133.81455
B25: Condensados de esterilización | C25: kg tRFFh-1 | D25: =0.139*D16 -> 4170 | E25: =0.12*E16 -> 4800 | F25: =0.1*F16 -> 3000 | G25: =0.12*G16 -> 2880 | H25: =0.1*H16 -> 2400 | I25: =0.09*I16 -> 1350 | L25: LB | M25: ERI - 1 | N25: ERI - 2 | O25: LB | P25: ERI - 1 | Q25: ERI - 2 | R25: LB | S25: ERI - 1 | T25: ERI - 2 | U25: LB | V25: ERI - 1 | W25: ERI - 2 | X25: LB | Y25: ERI - 1 | Z25: ERI - 2 | AA25: LB | AB25: ERI - 1 | AC25: ERI - 2 | AT25: =AE32 -> Planta D | AU25: =AF32 -> 0.16190252 | AV25: =AG32 -> 0 | AW25: =AH32 -> 0.74714812 | AX25: =AI32 -> 217.54726 | AY25: =AJ32 -> 0.51030421 | AZ25: =AK32 -> 125.11269 | BB25: =AT25 -> Planta D | BC25: =AU25 -> 0.16190252 | BD25: =AW25 -> 0.74714812 | BE25: =AY25 -> 0.51030421 | BG25: =+AX25 -> 217.54726 | BH25: =+AZ25 -> 125.11269
K26: Combustión | L26: 850 | M26: =+Scenarios1!C36 -> 5199.8498 | N26: =+Scenarios2!C31 -> 728.3355 | O26: 0 | P26: =+Scenarios1!D36 -> 5922.8578 | Q26: =+Scenarios2!D31 -> 588.35149 | R26: 0 | S26: =+Scenarios1!E36 -> 4866.7783 | T26: =+Scenarios1!F41 -> 612.22392 | U26: 0 | V26: =+Scenarios1!F36 -> 3273.7723 | W26: =+Scenarios2!F31 -> 211.35684 | X26: 0 | Y26: =+Scenarios1!G36 -> 4892.6598 | Z26: =+Scenarios2!G31 -> 704.95524 | AA26: 0 | AB26: =+Scenarios1!H36 -> 3242.694 | AC26: =+Scenarios2!H31 -> 365.22773 | AT26: =AE33 -> Planta E | AU26: =AF33 -> 0.14933745 | AV26: =AG33 -> 0 | AW26: =AH33 -> 0.62454357 | AX26: =AI33 -> 183.32975 | AY26: =AJ33 -> 0.44024193 | AZ26: =AK33 -> 109.98943 | BB26: =AT26 -> Planta E | BC26: =AU26 -> 0.14933745 | BD26: =AW26 -> 0.62454357 | BE26: =AY26 -> 0.44024193 | BG26: =+AX26 -> 183.32975 | BH26: =+AZ26 -> 109.98943
B27: Tusas vacias | C27: kg tRFFh-1 | K27: Digestión anerobica | L27: 0 | M27: =+Scenarios1!C45 -> 1462.7698 | N27: =+Scenarios2!C49 -> 3055.728 | O27: 0 | P27: =+Scenarios1!D44 -> 3215.4978 | Q27: =+Scenarios2!D49 -> 4443.1996 | R27: 0 | S27: =+Scenarios1!E45 -> 1804.9764 | T27: =+Scenarios2!E49 -> 3252.8491 | U27: 600 | V27: =+Scenarios1!F44 -> 2434.2023 | W27: =+Scenarios2!F49 -> 2791.3478 | X27: 0 | Y27: =+Scenarios1!G44 -> 2400.6269 | Z27: =+Scenarios2!G49 -> 3459.1664 | AA27: 0 | AB27: =+Scenarios1!H45 -> 1248.6192 | AC27: =+Scenarios2!H49 -> 2132.6906 | AF27: =+AE22 -> LB | AH27: =+AE23 -> ERI - 1 | AJ27: =+AE24 -> ERI - 2 | AM27: Padelma | AT27: =AE34 -> Planta F | AU27: =AF34 -> 0.19027946 | AV27: =AG34 -> 0 | AW27: =AH34 -> 0.71914477 | AX27: =AI34 -> 224.56566 | AY27: =AJ34 -> 0.48625571 | AZ27: =AK34 -> 124.89592 | BB27: =AT27 -> Planta F | BC27: =AU27 -> 0.19027946 | BD27: =AW27 -> 0.71914477 | BE27: =AY27 -> 0.48625571 | BG27: =+AX27 -> 224.56566 | BH27: =+AZ27 -> 124.89592
D28: 65 | E28: 65 | G28: 65 | H28: 65 | L28: LB | M28: ERI - 1 | N28: ERI - 2 | O28: LB | P28: ERI - 1 | Q28: ERI - 2 | R28: LB | S28: ERI - 1 | T28: ERI - 2 | U28: LB | V28: ERI - 1 | W28: ERI - 2 | X28: LB | Y28: ERI - 1 | Z28: ERI - 2 | AA28: LB | AB28: ERI - 1 | AC28: ERI - 2 | AF28: η Proceso | AG28: Iexc | AH28: η Proceso | AI28: Iexc | AJ28: η Proceso | AK28: Iexc | AM28: LB | AN28: ERI - 1 | AO28: ERI - 2
B29: Humedad tusa | C29: % | D29: 51 | E29: 52 | F29: 62 | G29: 52 | H29: 50 | I29: 62.8 | K29: Excedentes | M29: =+Scenarios1!C48 -> 222.08732 | N29: =+Scenarios2!C52 -> 126.13545 | P29: =+Scenarios1!D48 -> 212.3814 | Q29: =+Scenarios2!D52 -> 125.78878 | S29: =+Scenarios1!E48 -> 222.39182 | T29: =+Scenarios2!E52 -> 133.81455 | V29: =+Scenarios1!F48 -> 217.54726 | W29: =+Scenarios2!F52 -> 125.11269 | Y29: =+Scenarios1!G48 -> 227.10538 | Z29: =+Scenarios2!G52 -> 138.80405 | AB29: =+Scenarios1!H48 -> 224.56566 | AC29: =+Scenarios2!H52 -> 124.89592 | AE29: =+AF20 -> Planta A | AF29: 0.21366301 | AG29: =+L36 -> 0 | AH29: 0.6985155 | AI29: 222.08732 | AJ29: 0.47504561 | AK29: 126.13545 | AM29: =+Eficiencia!AJ30*Eficiencia!AK8 -> 0 | AN29: =+Scenarios1!T44 -> 0 | AO29: =+Scenarios2!T64 -> 0
B30: Licor de tusa | D30: =+(D28-D29)*D31 -> 340.2 | E30: =+(E28-E29)*E31 -> 292.5 | G30: =+(G28-G29)*G31 -> 267.8 | H30: =+(H28-H29)*H31 -> 319.5 | K30: Ef proceso | L30: =+Eficiencia!C199 -> 0.21366301 | M30: =+Scenarios1!C59 -> 0.6985155 | N30: =+Scenarios2!C71 -> 0.47504561 | O30: =+Eficiencia!D199 -> 0.15522087 | P30: =+Scenarios1!D59 -> 0.70013421 | Q30: =+Scenarios2!D71 -> 0.49933622 | R30: =+Eficiencia!E199 -> 0.17340123 | S30: =+Scenarios1!F59 -> 0.74714812 | T30: =+Scenarios2!E71 -> 0.37960011 | U30: =+Eficiencia!F199 -> 0.16190252 | V30: =+Scenarios1!F59 -> 0.74714812 | W30: =+Scenarios2!F71 -> 0.51030421 | X30: =+Eficiencia!G199 -> 0.14791053 | Y30: =+Scenarios1!G59 -> 0.66267241 | Z30: =+Scenarios2!G71 -> 0.46997837 | AA30: =+Eficiencia!H199 -> 0.19027946 | AB30: =+Scenarios1!H59 -> 0.71914477 | AC30: =+Scenarios2!H71 -> 0.48625571 | AE30: =+AH20 -> Planta B | AF30: 0.15522087 | AG30: =+M36 -> 0 | AH30: 0.70013421 | AI30: 212.3814 | AJ30: 0.49933622 | AK30: 125.78878 | AM30: =+Eficiencia!AK30 -> 0 | AN30: =+Scenarios1!T22 -> 0 | AO30: =+Scenarios2!T22 -> 0
B31: Tusa Prensada | D31: 24.3 | E31: 22.5 | F31: 22.9 | G31: 20.6 | H31: 21.3 | I31: 21.35 | AE31: =+AJ20 -> Planta C | AF31: 0.17340123 | AG31: =+N36 -> 0 | AH31: 0.54015756 | AI31: 222.39182 | AJ31: 0.37960011 | AK31: 133.81455
B32: Masa que pasa por digestor | C32: MPD tRFFh-1 | D32: =100-D24-D31 -> 63.904749 | E32: =100-E24-E31 -> 66.382948 | F32: =100-F24-F31 -> 65.042001 | G32: =100-G24-G31 -> 69.083066 | H32: =100-H24-H31 -> 66.383261 | I32: =100-I24-I31 -> 66.52199 | AE32: =+AL20 -> Planta D | AF32: 0.16190252 | AH32: 0.74714812 | AI32: 217.54726 | AJ32: 0.51030421 | AK32: 125.11269 | AM32: LB | AN32: ERI - 1 | AO32: ERI - 2
B33: Humedad MPD | C33: % | D33: 28.7 | AE33: =+AN20 -> Planta E | AF33: 0.14933745 | AH33: 0.62454357 | AI33: 183.32975 | AJ33: 0.44024193 | AK33: 109.98943 | AM33: 0 | AN33: =+Scenarios1!T43 -> 0 | AO33: =+Scenarios2!T38 -> 0
B34: Vapor de digestión | C34: kgvapor h-1 | D34: 2831.7987 | E34: 3523.8512 | F34: 2537.3419 | G34: 2606.1654 | H34: 2112.7347 | I34: 1806.4282 | J34: Linea base | AE34: =+AP20 -> Planta F | AF34: 0.19027946 | AH34: 0.71914477 | AI34: 224.56566 | AJ34: 0.48625571 | AK34: 124.89592 | AM34: 0 | AN34: =+Scenarios1!T53 -> 0 | AO34: =+Scenarios2!T63 -> 0
B35: Licor de prensa | C35: kgLP h-1 | D35: 11865.671 | E35: 15971.764 | F35: 11799.148 | G35: 9589.1138 | H35: 9513.1669 | I35: 7884.9662 | AM35: LB | AN35: ERI - 1 | AO35: ERI - 2
B36: Aceite crudo en LP | C36: % | D36: 53.233418 | E36: 53.676505 | F36: 52.90852 | G36: 50 | H36: 53.973729 | I36: 53.000635 | J36: Escenario 1 | AN36: =+Scenarios1!T56 -> 0 | AO36: =+Scenarios2!T66 -> 0
B37: Agua en LP | C37: % | D37: 13.622848 | E37: 15.631688 | F37: 17.03684 | G37: 15 | H37: 16.665059 | I37: 15.67214 | AM37: =+Eficiencia!T206 -> 0 | AN37: =+Scenarios1!T66 -> 0 | AO37: =+Scenarios2!T78 -> 0
B38: Residuos organicos en LP | C38: % | D38: =100-D36-D37 -> 33.143734 | E38: =100-E36-E37 -> 30.691807 | F38: =100-F36-F37 -> 30.05464 | G38: =100-G36-G37 -> 35 | H38: =100-H36-H37 -> 29.361212 | I38: =100-I36-I37 -> 31.327225 | J38: Escenario 2
B39: Torta de prensado | C39: kg h | D39: =+(D41+D44)/D18*1000 -> 6835.7201 | E39: =+(E41+E44)/E18*1000 -> 8644.4405 | F39: =+(F41+F44)/F18*1000 -> 6888.9343 | G39: =+(G41+G44)/G18*1000 -> 5262.5176 | H39: =+(H41+H44)/H18*1000 -> 4985.7114 | I39: =+(I41+I44)/I18*1000 -> 3771.9682
B40: Agua dilusión | C40: kg h | D40: =(+D35*D36/100)/1.4 -> 4511.7874 | E40: =(+E35*E36/100)/1.4 -> 6123.6319 | F40: =(+F35*F36/100)/1.4 -> 4459.1104 | G40: =(+G35*G36/100)/1.4 -> 3424.6835 | H40: =(+H35*H36/100)/1.4 -> 3667.5792 | I40: =(+I35*I36/100)/1.4 -> 2985.0587
B41: Fibra de mesocarpio | C41: tFibra año-1 | D41: 18072.526 | E41: 25775.875 | F41: 24862.46 | G41: 15829.08 | H41: 9443.9298 | I41: 4831.1607
D42: =+D41/D18/D16*1000 -> 0.118 | E42: =+E41/E18/E16*1000 -> 0.125 | F42: =+F41/F18/F16*1000 -> 0.14 | G42: =+G41/G18/G16*1000 -> 0.12 | H42: =+H41/H18/H16*1000 -> 0.12502886 | I42: =+I41/I18/I16*1000 -> 0.12509479
B43: Humedad de mesocarpio | C43: % | D43: 35.18 | E43: 33.08 | F43: 38.41 | G43: 35.26 | H43: 36.6 | I43: 36.8
B44: Nueces | C44: tNuez año-1 | D44: =+D61+D63 -> 16825.42 | E44: =+E61+E63 -> 18787.728 | F44: =+F61+F63 -> 15917.505 | G44: =+G61+G63 -> 13094.813 | H44: =+H61+H63 -> 6247.3504 | I44: =+I61+I63 -> 4880.4
B45: Humedad de nueces | C45: % | D45: 11.930934 | E45: 10.823047 | F45: 13.360151 | G45: 12.286523 | H45: 14.325096 | I45: 16.46639
B46: Temperatura LP | C46: °C | D46: 80 | E46: 80 | F46: 80 | G46: 80 | H46: 80 | I46: 80
B47: Temperatura aceite clarificado | C47: °C | D47: 70 | E47: 72 | F47: 70 | G47: 72 | H47: 71 | I47: 70
B48: Humedad aceite clarificado | D48: 10 | E48: 10 | F48: 10 | G48: 10 | H48: 10 | I48: 10
B49: Aceite clarificado | C49: kgaceite h-1 | D49: =(+D35*D36/100)*100/(100-D48) -> 7018.336 | E49: =(+E35*E36/100)*100/(100-E48) -> 9525.6496 | F49: =(+F35*F36/100)*100/(100-F48) -> 6936.394 | G49: =(+G35*G36/100)*100/(100-G48) -> 5327.2854 | H49: =(+H35*H36/100)*100/(100-H48) -> 5705.1233 | I49: =(+I35*I36/100)*100/(100-I48) -> 4643.4246
B50: Vapor de clarificacion | C50: kgvapor h-1 | D50: 700.7 | E50: 1122.1 | F50: 535.1 | G50: 682.7 | H50: 513.4 | I50: 407.9
B51: Lodos de clarificación | C51: kgLodos h-1 | D51: =+((D35*(D37+D38)/100)+D40+D34)-(D49-(D35*D36/100)) -> 12190.921 | E51: =+((E35*(E37+E38)/100)+E40+E34)-(E49-(E35*E36/100)) -> 16093.597 | F51: =+((F35*(F37+F38)/100)+F40+F34)-(F49-(F35*F36/100)) -> 11859.206 | G51: =+((G35*(G37+G38)/100)+G40+G34)-(G49-(G35*G36/100)) -> 10292.677 | H51: =+((H35*(H37+H38)/100)+H40+H34)-(H49-(H35*H36/100)) -> 9588.3576 | I51: =+((I35*(I37+I38)/100)+I40+I34)-(I49-(I35*I36/100)) -> 8033.0285
B52: Agua de recuperación | C52: kgagua h-1 | D52: 3783.5701 | E52: 5328.2063 | F52: 3703.3231 | G52: 3180.244 | H52: 3004.0228 | I52: 2605.2135
B53: Aceite recuperado | C53: kgaceite h-1 | D53: 736.28487 | E53: 878.35762 | F53: 654 | G53: 651 | H53: 534.8 | I53: 455
B54: Efluente | C54: kgefluente h-1 | E54: =+E51+E52-E53 -> 20543.446 | F54: =+F51+F52-F53 -> 14908.529 | G54: =+G51+G52-G53 -> 12821.921 | H54: =+H51+H52-H53 -> 12057.58 | I54: =+I51+I52-I53 -> 10183.242
B55: Vapor de almacenamiento | C55: kgvapor h-1 | D55: 1513.7 | E55: 1701.2 | F55: 1427.4 | G55: 1126.8 | H55: 1100.1 | I55: 931.97
B56: Temperatura despacho | C56: °C | D56: 50 | E56: 52 | F56: 55 | G56: 52 | H56: 50 | I56: 55
B57: Vapor de secado | C57: kgvapor h-1 | D57: 1614.5 | E57: 2156.9 | F57: 1555.5 | G57: 1220.4 | H57: 1285.8 | I57: 992.06
B58: Flujo de aire de secado | C58: kgaire seco h-1
B59: Temperatura aire de secado | C59: °C | D59: 50 | E59: 55 | F59: 60 | G59: 50 | H59: 55 | I59: 60
B60: Humedad de secado | C60: °C | D60: 7.2 | E60: 7.5 | F60: 7.6 | G60: 7.1 | H60: 7.8 | I60: 7.4
B61: Cuesco | C61: tCuesco año-1 | D61: 9189.42 | E61: 8495.7284 | F61: 7991.505 | G61: 7518.813 | H61: 3444.3504 | I61: 2703.4
D62: =+D61*1000/D18/D16*1000 -> 60 | E62: 55 | F62: 58 | G62: =+G61*1000/G18/G16*1000 -> 57 | H62: 55 | I62: 62
B63: Almendra | C63: tAlmendra año-1 | D63: 7636 | E63: 10292 | F63: 7926 | G63: 5576 | H63: 2803 | I63: 2177
B64: Agua de proceso | C64: kgagua año-1 | D64: =0.2*D17 -> 30631.4 | E64: =0.57*E17 -> 117537.99 | F64: =0.36*F17 -> 63932.04 | G64: =0.28*G17 -> 36934.52 | H64: 25855.288 | I64: 15108.144
B65: Temperatura de calentamiento | C65: °C | D65: 90 | E65: 90 | F65: 92 | G65: 90 | H65: 90 | I65: 90
B66: Vapor de calentamiento | C66: kgvapor año-1 | D66: 5129.1 | E66: 7679.04 | F66: 5585.4 | G66: 4220.9 | H66: 2852.29 | I66: 1282.95
B67: Caldera
B68: Fibra en caldera | C68: % | D68: 49 | E68: 84 | F68: 70 | G68: 86 | H68: 85 | I68: 85
B69: Cuesco en caldera | C69: % | D69: 79 | E69: 100 | F69: 82 | G69: 55 | H69: 100 | I69: 100
B70: Flujo de vapor | C70: kgvapor h-1 | D70: =0.47*D17 -> 71983.79 | E70: =0.49*E17 -> 101041.43 | F70: =0.84*F17 -> 149174.76 | G70: =0.42*G17 -> 55401.78
B71: Presión de vapor | C71: bar
B72: Temperatura de vapor | C72: °C
B73: Temperatura agua de alimentación | C73: °C | D73: 90 | E73: 95 | F73: 90 | G73: 95 | H73: 90 | I73: 95

Sheet Biomass
A5: Properties | B5: Unit | C5: EFB | E5: Fiber | G5: PKS | I5: Pressed EFB | K5: Dry EFB
C6: Average | D6: Standard | E6: Average | F6: Standard | G6: Average | H6: Standard | I6: Average | J6: Standard | K6: Average | L6: Standard
D7: Deviation | F7: Deviation | H7: Deviation | J7: Deviation | L7: Deviation
A8: Moisture | B8: (% wet basis) | C8: 0.65 | D8: 5.1 | E8: 0.35 | F8: 2.4 | G8: 0.15 | H8: 2.1 | I8: 0.5 | J8: 5.1 | K8: 0.1 | L8: 5.1
A9: C | B9: (% dry basis) | C9: 0.4406 | D9: 2.5 | E9: 0.4531 | F9: 3.2 | G9: 0.4759 | H9: 3.9 | I9: 0.4406 | J9: 2.5 | K9: 0.4406 | L9: 2.5
A10: H | C10: 0.0608 | D10: 0.7 | E10: 0.0611 | F10: 1.1 | G10: 0.0565 | H10: 2 | I10: 0.0608 | J10: 0.7 | K10: 0.0608 | L10: 0.7
A11: O | C11: 0.3585 | D11: 4.1 | E11: 0.3227 | F11: 4.9 | G11: 0.3549 | H11: 5.1 | I11: 0.3585 | J11: 4.1 | K11: 0.3585 | L11: 4.1
A12: N | C12: 0.0058 | D12: 0.7 | E12: 0.0102 | F12: 0.6 | G12: 0.0033 | H12: 0.7 | I12: 0.0058 | J12: 0.7 | K12: 0.0058 | L12: 0.7
A13: S | C13: 0.0012 | D13: 0.4 | E13: 0.0017 | F13: 0.2 | G13: 0.0007 | H13: 0.2 | I13: 0.0012 | J13: 0.4 | K13: 0.0012 | L13: 0.4
A14: HHV | B14: (kJ/kg) | C14: =+((0.3443*C9)+(1.192*C10)-(0.113*C11)-(0.024*C12)+(0.093*C13))*100000 -> 18363.408 | D14: 2.4 | E14: =+((0.3443*E9)+(1.192*E10)-(0.113*E11)-(0.024*E12)+(0.093*E13))*100000 -> 19228.173 | F14: 2.2 | G14: =+((0.3443*G9)+(1.192*G10)-(0.113*G11)-(0.024*G12)+(0.093*G13))*100000 -> 19108.257 | H14: 3.1 | I14: =+((0.3443*I9)+(1.192*I10)-(0.113*I11)-(0.024*I12)+(0.093*I13))*100000 -> 18363.408 | J14: 2.4 | K14: =+((0.3443*K9)+(1.192*K10)-(0.113*K11)-(0.024*K12)+(0.093*K13))*100000 -> 18363.408 | L14: 2.4
A15: LHV | B15: (kJ/kg) | C15: =(C14*(1-C8))-(2.444*C8)-(21.839*C10*(1-C8)) -> 6425.1395 | E15: =(E14*(1-E8))-(2.444*E8)-(21.839*E10*(1-E8)) -> 12496.59 | G15: =(G14*(1-G8))-(2.444*G8)-(21.839*G10*(1-G8)) -> 16240.603 | I15: =(I14*(1-I8))-(2.444*I8)-(21.839*I10*(1-I8)) -> 9179.8181 | K15: =(K14*(1-K8))-(2.444*K8)-(21.839*K10*(1-K8)) -> 16525.628
A18: tRFF | B18: 30000
B19: kg/s | C19: kJ/s
A20: Pressed EFB | B20: =0.21*0.85*B18/3600 -> 1.4875 | C20: =+B20*I15 -> 13654.979
A21: PKS | B21: =0.052*B18/3600 -> 0.43333333 | C21: =+B21*G15 -> 7037.5946
A22: MF | B22: =0.132*B18/3600 -> 1.1 | C22: =+B22*E15 -> 13746.249
C23: =SUM(C20:C22) -> 34438.823
C24: =+C23*0.15 -> 5165.8234
A27: Material | B27: Peso | C27: Heat Capacity (kj kg K) | D27: RFF | E27: RFF Este | F27: Heat Capacity (kj kg K)
A28: Agua | B28: 0.15 | C28: 4.18 | D28: =+B28*C28 -> 0.627 | E28: 0.045714286 | F28: =+C28*E28 -> 0.19108571
A29: Cuesco | B29: 0.068 | C29: 1.88 | D29: =+B29*C29 -> 0.12784 | E29: 0.077714286 | F29: =+C29*E29 -> 0.14610286 | AA29: 30 | AB29: 40 | AC29: 30 | AD29: 24 | AE29: 24 | AF29: 20 | AG29: 40
A30: Almendra | B30: 0.052 | C30: 1.59 | D30: =+B30*C30 -> 0.08268 | E30: 0.059428571 | F30: =+C30*E30 -> 0.094491429 | Y30: =Datos_Base!A10 -> Esterilización
A31: Aceite | B31: 0.235 | C31: 1.46 | D31: =+B31*C31 -> 0.3431 | E31: 0.26857143 | F31: =+C31*E31 -> 0.39211429 | Y31: =Datos_Base!A11 -> Vapor de esterilización | Z31: =Datos_Base!B11 -> kgvapor∙h-1 | AA31: =Datos_Base!C11 -> 6371 | AB31: =Datos_Base!D11 -> 8060 | AC31: =Datos_Base!E11 -> 7036 | AD31: =Datos_Base!F11 -> 5292 | AE31: =Datos_Base!G11 -> 5153 | AF31: =Datos_Base!H11 -> 4060 | AG31: =+AG32*AG29 -> 12600
A32: Fibra | B32: 0.14 | C32: 1.8 | D32: =+B32*C32 -> 0.252 | E32: 0.16 | F32: =+C32*E32 -> 0.288 | Y32: =Datos_Base!A12 -> 0 | Z32: =Datos_Base!B12 -> 0 | AA32: =Datos_Base!C12 -> 212.36667 | AB32: =Datos_Base!D12 -> 201.5 | AC32: =Datos_Base!E12 -> 234.53333 | AD32: =Datos_Base!F12 -> 220.5 | AE32: =Datos_Base!G12 -> 214.70833 | AF32: =Datos_Base!H12 -> 203 | AG32: 315
A33: Tusa | B33: 0.22 | C33: 1.67 | D33: =+B33*C33 -> 0.3674 | E33: 0.25142857 | F33: =+C33*E33 -> 0.41988571 | Y33: =Datos_Base!A13 -> Deshidratación del fruto | Z33: =Datos_Base!B13 -> % | AA33: 0.118 | AB33: 0.1112 | AC33: 0.1206 | AD33: 0.1032 | AE33: 0.1232 | AF33: 0.1213 | AG33: =1-88.1% -> 0.119
A34: Lodo | B34: 0.12 | C34: 2.22 | D34: =+B34*C34 -> 0.2664 | E34: 0.13714286 | F34: =+C34*E34 -> 0.30445714 | Y34: =Datos_Base!A14 -> Condensados de esterilización | Z34: =Datos_Base!B14 -> kg∙tRFF∙h-1 | AA34: =Datos_Base!C14 -> 4170 | AB34: =Datos_Base!D14 -> 5386 | AC34: =Datos_Base!E14 -> 4348 | AD34: =Datos_Base!F14 -> 3304 | AE34: =Datos_Base!G14 -> 3317 | AF34: =Datos_Base!H14 -> 2844 | AG34: =+AG29*AG35 -> 1560
A35: RFF | B35: =SUM(B28:B34) -> 0.985 | D35: =SUM(D28:D34) -> 2.06642 | E35: CP | F35: =SUM(F28:F34) -> 1.8361371 | Y35: =Datos_Base!A15 -> 0 | Z35: =Datos_Base!B15 -> 0 | AA35: 150 | AB35: 154 | AC35: 148 | AD35: 145 | AE35: 168 | AF35: 167 | AG35: 39
C36: =SUMPRODUCT(C28:D34) -> 16.86642 | Y36: =Datos_Base!A16 -> Vapor evaporador | Z36: =Datos_Base!B16 | AA36: =Datos_Base!C16 -> 4922.8667 | AB36: =Datos_Base!D16 -> 6065.05 | AC36: =Datos_Base!E16 -> 4588.25 | AD36: =Datos_Base!F16 -> 3681.7533 | AE36: =Datos_Base!G16 -> 3675.42 | AF36: =Datos_Base!H16 -> 3059.9 | AG36: =+AG37*AG29 -> 15800
Y37: =Datos_Base!A17 -> 0 | Z37: =Datos_Base!B17 -> 0 | AA37: 170 | AB37: =Datos_Base!D17 -> 151.62625 | AC37: =Datos_Base!E17 -> 152.94167 | AD37: =Datos_Base!F17 -> 153.40639 | AE37: =Datos_Base!G17 -> 153.1425 | AF37: =Datos_Base!H17 -> 152.995 | AG37: 395
E38: =30+273 -> 303 | Y38: =Datos_Base!A18 -> Eficiencia energpetica | Z38: =Datos_Base!B18 -> % | AA38: =Datos_Base!C18 -> 0 | AB38: =Datos_Base!D18 -> 0 | AC38: =Datos_Base!E18 -> 0 | AD38: =Datos_Base!F18 -> 0 | AE38: =Datos_Base!G18 -> 0 | AF38: =Datos_Base!H18 -> 0
E39: =2.066*303 -> 625.998 | AA39: 1000 | AB39: 1000 | AC39: 1000 | AD39: 1000 | AE39: 1000 | AF39: 1000
E40: =4.18*303 -> 1266.54 | K40: POME | P40: =+(0.05)*2.22+(0.95)*4.18 -> 4.082 | Q40: =80+273 -> 353
K41: Nuts | P41: =(0.5*1.59)+(0.5*1.88) -> 1.735 | Q41: =+Q40*P40 -> 1440.946 | AA41: =(1-AA33)*AA39 -> 882 | AB41: =(1-AB33)*AB39 -> 888.8 | AC41: =(1-AC33)*AC39 -> 879.4 | AD41: =(1-AD33)*AD39 -> 896.8 | AE41: =(1-AE33)*AE39 -> 876.8 | AF41: =(1-AF33)*AF39 -> 878.7 | AG41: 881
Z42: Vapor | AA42: =+AA32 -> 212.36667 | AB42: =+AB32 -> 201.5 | AC42: =+AC32 -> 234.53333 | AD42: =+AD32 -> 220.5 | AE42: =+AE32 -> 214.70833 | AF42: =+AF32 -> 203 | AG42: 395
N43: 3349 | O43: 0.15 | P43: 837 | Q43: =+N43*O43 -> 502.35 | R43: =+Q43+P43 -> 1339.35 | Z43: Condensados | AA43: =+AA35 -> 150 | AB43: =+AB35 -> 154 | AC43: =+AC35 -> 148 | AD43: =+AD35 -> 145 | AE43: =+AE35 -> 168 | AF43: =+AF35 -> 167 | AG43: 40
N44: 3349 | O44: 0.045 | P44: 837 | Q44: =+N44*O44 -> 150.705 | R44: =+Q44+P44 -> 987.705 | AA44: 1340 | AB44: 1340 | AC44: 1340 | AD44: 1340 | AE44: 1340 | AF44: 1340 | AG44: 1340
T45: =430664+636405-625998 -> 441071
C46: =1.46*353% -> 5.1538 | E46: =1*1.46*353 -> 515.38 | T46: =2703-503 -> 2200 | AA46: 987 | AB46: 987 | AC46: 987 | AD46: 987 | AE46: 987 | AF46: 987 | AG46: 987
E47: =0.9*1.59*353 -> 505.143 | F47: =0.1*4.19*353 -> 147.907 | G47: =+E47+F47 -> 653.05 | T47: =+T45/T46 -> 200.48682 | AA47: 2650 | AB47: 2650 | AC47: 2650 | AD47: 2650 | AE47: 2650 | AF47: 2650 | AG47: 2300
E48: =0.85*1.88*353 -> 564.094 | F48: =0.15*4.19*353 -> 221.8605 | G48: =+F48+E48 -> 785.9545 | AA48: 450 | AB48: 450 | AC48: 450 | AD48: 450 | AE48: 450 | AF48: 450 | AG48: 450
E49: =0.65*1.8*353 -> 413.01 | F49: =0.35*4.19+353 -> 354.4665 | G49: =+F49+E49 -> 767.4765 | AA49: =AA39*AA44 -> 1340000 | AB49: =AB39*AB44 -> 1340000 | AC49: =AC39*AC44 -> 1340000 | AD49: =AD39*AD44 -> 1340000 | AE49: =AE39*AE44 -> 1340000 | AF49: =AF39*AF44 -> 1340000 | AG49: =AB60*AG44 -> 1340000
E50: =0.5*1.67*353 -> 294.755 | F50: =0.5*4.19*353 -> 739.535 | G50: =+F50+E50 -> 1034.29
E51: =0.05*2.22*353 -> 39.183 | F51: =0.95*4.19*353 -> 1405.1165 | G51: =+F51+E51 -> 1444.2995 | AA51: =AA41*AA46 -> 870534 | AB51: =AB41*AB46 -> 877245.6 | AC51: =AC41*AC46 -> 867967.8 | AD51: =AD41*AD46 -> 885141.6 | AE51: =AE41*AE46 -> 865401.6 | AF51: =AF41*AF46 -> 867276.9 | AG51: =AG41*AG46 -> 869547
AA52: =AA42*AA47 -> 562771.67 | AB52: =AB42*AB47 -> 533975 | AC52: =AC42*AC47 -> 621513.33 | AD52: =AD42*AD47 -> 584325 | AE52: =AE42*AE47 -> 568977.08 | AF52: =AF42*AF47 -> 537950 | AG52: =AG42*AG47 -> 908500
AA53: =AA43*AA48 -> 67500 | AB53: =AB43*AB48 -> 69300 | AC53: =AC43*AC48 -> 66600 | AD53: =AD43*AD48 -> 65250 | AE53: =AE43*AE48 -> 75600 | AF53: =AF43*AF48 -> 75150 | AG53: =AG43*AG48 -> 18000
AA54: =SUM(AA51:AA53) -> 1500805.7 | AB54: =SUM(AB51:AB53) -> 1480520.6 | AC54: =SUM(AC51:AC53) -> 1556081.1 | AD54: =SUM(AD51:AD53) -> 1534716.6 | AE54: =SUM(AE51:AE53) -> 1509978.7 | AF54: =SUM(AF51:AF53) -> 1480376.9 | AG54: =SUM(AG51:AG53) -> 1796047
T55: 1000 | AA55: =+AA54-AA49 -> 160805.67 | AB55: =+AB54-AB49 -> 140520.6 | AC55: =+AC54-AC49 -> 216081.13 | AD55: =+AD54-AD49 -> 194716.6 | AE55: =+AE54-AE49 -> 169978.68 | AF55: =+AF54-AF49 -> 140376.9 | AG55: =+AG54-AG49 -> 456047
AA56: =+AA55/2700 -> 59.557654 | AB56: =+AB55/2700 -> 52.044667 | AC56: =+AC55/2700 -> 80.030049 | AD56: =+AD55/2700 -> 72.117259 | AE56: =+AE55/2700 -> 62.955068 | AF56: =+AF55/2700 -> 51.991444 | AG56: =+AG55/2700 -> 168.9063
T57: 881
T58: 395 | AA58: =+AA56/AA32 -> 0.28044728 | AB58: =+AB56/AB32 -> 0.25828619 | AC58: =+AC56/AC32 -> 0.34123102 | AD58: =+AD56/AD32 -> 0.3270624 | AE58: =+AE56/AE32 -> 0.29321204 | AF58: =+AF56/AF32 -> 0.25611549 | AG58: =+AG56/AG32 -> 0.53621046
T59: 40 | AA59: 315 | AB59: 315 | AC59: 315 | AD59: 315 | AE59: 315 | AF59: 315
T60: 1340 | AB60: 1000 | AC60: 1000 | AD60: 1000 | AE60: 1000 | AF60: 1000
T62: 987 | AC62: 881 | AD62: 881 | AE62: 881 | AF62: 881
T63: 2650 | AC63: 395 | AD63: 395 | AE63: 395 | AF63: 395
T64: 450 | AC64: 40 | AD64: 40 | AE64: 40 | AF64: 40
AC65: 1340 | AD65: 1340 | AE65: 1340 | AF65: 1340
T66: =T55*T60 -> 1340000
AC67: 987 | AD67: 987 | AE67: 987 | AF67: 987
T68: =T57*T62 -> 869547 | AC68: 2300 | AD68: 2300 | AE68: 2300 | AF68: 2300
T69: =T58*T63 -> 1046750 | AC69: 450 | AD69: 450 | AE69: 450 | AF69: 450
T70: =T59*T64 -> 18000
T71: =SUM(T68:T70) -> 1934297 | AC71: =AC60*AC65 -> 1340000 | AD71: =AD60*AD65 -> 1340000 | AE71: =AE60*AE65 -> 1340000 | AF71: =AF60*AF65 -> 1340000
T72: =+T71-T66 -> 594297
T73: =+T72/2700 -> 220.11 | AC73: =AC62*AC67 -> 869547 | AD73: =AD62*AD67 -> 869547 | AE73: =AE62*AE67 -> 869547 | AF73: =AF62*AF67 -> 869547
AC74: =AC63*AC68 -> 908500 | AD74: =AD63*AD68 -> 908500 | AE74: =AE63*AE68 -> 908500 | AF74: =AF63*AF68 -> 908500
T75: =+T73/200 -> 1.10055 | AC75: =AC64*AC69 -> 18000 | AD75: =AD64*AD69 -> 18000 | AE75: =AE64*AE69 -> 18000 | AF75: =AF64*AF69 -> 18000
AC76: =SUM(AC73:AC75) -> 1796047 | AD76: =SUM(AD73:AD75) -> 1796047 | AE76: =SUM(AE73:AE75) -> 1796047 | AF76: =SUM(AF73:AF75) -> 1796047
AC77: =+AC76-AC71 -> 456047 | AD77: =+AD76-AD71 -> 456047 | AE77: =+AE76-AE71 -> 456047 | AF77: =+AF76-AF71 -> 456047
AC78: =+AC77/2700 -> 168.9063 | AD78: =+AD77/2700 -> 168.9063 | AE78: =+AE77/2700 -> 168.9063 | AF78: =+AF77/2700 -> 168.9063
AC80: =+AC78/AC59 -> 0.53621046 | AD80: =+AD78/AD59 -> 0.53621046 | AE80: =+AE78/AE59 -> 0.53621046 | AF80: =+AF78/AF59 -> 0.53621046

Sheet Eficiencia
O1: 30 | Q1: 40 | S1: 30 | U1: 24 | W1: 30 | Y1: 20
A2: Parametros | B2: Unidad | C2: Planta extractora | M2: Plantas extractoras
C3: Planta A | D3: Planta B | E3: Planta C | F3: Planta D | G3: Planta E | H3: Planta F | J3: Entalpia vapor entrada esterilizacion | K3: 2703 | N3: =+C3 -> Planta A | P3: =+D3 -> Planta B | R3: =+E3 -> Planta C | T3: =+F3 -> Planta D | V3: =+G3 -> Planta E | X3: =+H3 -> Planta F
A4: Capacidad de procesamiento | B4: tRFF∙h-1 | C4: 30 | D4: 40 | E4: 30 | F4: 24 | G4: 30 | H4: 20 | I4: =+SUM(C4:H4) -> 174 | J4: Entalpia vapor salida esterilizacion | K4: 2626 | M4: Proceso | N4: Eléctrica | O4: térmica | P4: Eléctrica | Q4: térmica | R4: Eléctrica | S4: térmica | T4: Eléctrica | U4: térmica | V4: Eléctrica | W4: térmica | X4: Eléctrica | Y4: térmica
A5: Fruto procesado | B5: tRFF∙año-1 | C5: 153157 | D5: 206207 | E5: 177589 | F5: 131909 | G5: 75534 | H5: 38620 | I5: =+SUM(C5:H5) -> 783016 | J5: =+I5/I4 -> 4500.092 | N5: (kWe) | O5: (kWth) | P5: (kWe) | Q5: (kWth) | R5: (kWe) | S5: (kWth) | T5: (kWe) | U5: (kWth) | V5: (kWe) | W5: (kWth) | X5: (kWe) | Y5: (kWth)
A6: Horas de operación | B6: h∙año-1 | C6: 5105 | D6: 5155 | E6: 5920 | F6: 5496 | G6: 3147 | H6: 1931 | I6: =+SUM(C6:H6) -> 26754 | M6: Recepción | N6: 1 | P6: 0.17 | T6: =+AA6*$T$23 -> 0.50410064 | V6: 0.2 | X6: =AB6*$X$23 -> 0.43337099 | AA6: 0.017750023 | AB6: =+AA6/$AA$23 -> 0.023811593
A7: Tasa de extracción aceite | B7: % ACP∙tRFF-1 | C7: 20.71 | D7: 20.55 | E7: 19.68 | F7: 19.9 | G7: 20.77 | H7: 19.3 | I7: =+MEDIAN(C7:H7) -> 20.225 | M7: Esterilización | N7: 0.08 | O7: =+C17 -> 4866.7361 | P7: 0.12 | Q7: =+D17 -> 6156.9444 | R7: 0.41 | S7: =+E23 -> 4588.25 | T7: =+AA7*$T$23 -> 0.22445357 | U7: =+F23 -> 3681.7533 | V7: 0.3 | W7: =+G23 -> 4559.85 | X7: =AB7*$X$23 -> 0.19296081 | Y7: =+H17 -> 3101.3889 | Z7: =+Y7+W7+U7+S7+Q7+O7 -> 26954.923 | AA7: 0.0079032948 | AB7: =+AA7/$AA$23 -> 0.010602242
A8: Aceite crudo producido | B8: tACP∙año-1 | C8: 31719 | D8: 42376 | E8: 34950 | F8: 26250 | G8: 15688 | H8: 7454 | I8: 18 | M8: Desfrutado | N8: 0.7 | P8: 0.8 | R8: 0.61 | T8: =+AA8*$T$23 -> 0.67336071 | V8: 0.6 | X8: =AB8*$X$23 -> 0.57888242 | AA8: 0.023709884 | AB8: =+AA8/$AA$23 -> 0.031806726
A10: PKO producido | B10: tPKO∙año-1 | C10: 7636 | D10: 10292 | E10: 7926 | F10: 5576 | G10: 2803 | H10: 2177 | M10: Prensado raquis | N10: 1.17 | P10: 1.22 | T10: =+AA10*$T$23 -> 1.3191247 | V10: 1.1 | AA10: 0.046448052 | AB10: =+AA10/$AA$23 -> 0.062309898
A11: Humedad PKO | B11: % | C11: 6.38 | D11: 7.24 | E11: 6.78 | F11: 4.5 | G11: 6.74 | H11: 4.04 | M11: Digestión prensado | N11: 3.35 | O11: =+C45 -> 2163.3333 | P11: 2.95 | Q11: =+D45 -> 2691.9444 | R11: 4.77 | S11: =+E45 -> 1937.9861 | T11: =+AA11*$T$23 -> 4.5589832 | U11: =+F45 -> 1990.6944 | V11: 5.45 | W11: =+G45 -> 1614.0972 | X11: =AB11*$X$23 -> 3.9193187 | Y11: =+H45 -> 1379.5833 | Z11: =+Y11+W11+U11+S11+Q11+O11 -> 11777.639 | AA11: 0.16052758 | AB11: =+AA11/$AA$23 -> 0.21534718
A12: Esterilización | M12: Clarificación | N12: 2.45 | O12: 535 | P12: 2.35 | Q12: =+D73 -> 857.08333 | R12: =1.11+0.58+0.13 -> 1.82 | S12: =+E73 -> 408.68056 | T12: =+AA12*$T$23 -> 2.9749297 | U12: =+F73 -> 521.73611 | V12: =2.97+1.19 -> 4.16 | W12: =+G73 -> 391.875 | X12: =AB12*$X$23 -> 2.5575215 | Y12: =+H73 -> 311.66667 | Z12: =+Y12+W12+U12+S12+Q12+O12 -> 3026.0417 | AA12: 0.10475105 | AB12: =+AA12/$AA$23 -> 0.14052316
A13: Fruto esterilizado | B13: kg RFF∙h-1 | C13: =+C4*1000 -> 30000 | D13: =+D4*1000 -> 40000 | E13: =+E4*1000 -> 30000 | F13: =+F4*1000 -> 24000 | G13: =+G4*1000 -> 30000 | H13: =+H4*1000 -> 20000 | I13: 40000 | M13: Palmistería | N13: =3+2.62 -> 5.62 | O13: =+C110 -> 1233.6806 | P13: 3.95 | Q13: =+D110 -> 1647.7083 | R13: 5.89 | S13: =+E110 -> 1188.6111 | T13: =+AA13*$T$23 -> 5.4034438 | U13: =+F110 -> 931.94444 | V13: 4.12 | W13: =+G110 -> 982.36111 | X13: =AB13*$X$23 -> 4.6452942 | Y13: =+H110 -> 757.77778 | Z13: =+Y13+W13+U13+S13+Q13+O13 -> 6742.0833 | AA13: 0.1902621 | AB13: =+AA13/$AA$23 -> 0.25523594
A14: Vapor de esterilización | B14: kgvapor∙h-1 | C14: 6371 | D14: 8060 | E14: 7036 | F14: 5292 | G14: 5153 | H14: 4060 | I14: =315*40 -> 12600 | M14: Almacenamiento | N14: 0.02 | O14: =+C92 -> 1156.5278 | P14: 0.02 | Q14: =+D92 -> 1299.375 | R14: 0.02 | S14: =+E92 -> 1090.0694 | T14: =+AA14*$T$23 -> 0.0220774 | U14: =+F92 -> 860.90278 | V14: 0.02 | W14: =+G92 -> 840.27778 | X14: =AB14*$X$23 -> 0.018979751 | Y14: =+H92 -> 711.94444 | Z14: =+Y14+W14+U14+S14+Q14+O14 -> 5959.0972 | AA14: 0.00077737326 | AB14: =+AA14/$AA$23 -> 0.0010428435
B15: kWth | C15: =+C14*2750/3600 -> 4866.7361 | D15: =+D14*2750/3600 -> 6156.9444 | E15: =+E14*2750/3600 -> 5374.7222 | F15: =+F14*2750/3600 -> 4042.5 | G15: =+G14*2750/3600 -> 3936.3194 | H15: =+H14*2750/3600 -> 3101.3889 | I15: =+I14*2750/3600 -> 9625
B16: kgvapor∙tRFF-1 | C16: =+C14/C4 -> 212.36667 | D16: =+D14/D4 -> 201.5 | E16: =+E14/E4 -> 234.53333 | F16: =+F14/F4 -> 220.5 | G16: =+G14/G4 -> 171.76667 | H16: 225 | I16: 315
B17: kWhthvapor∙h-1 | C17: =C14*2750/3600 -> 4866.7361 | D17: =D14*2750/3600 -> 6156.9444 | E17: =E14*2750/3600 -> 5374.7222 | F17: =F14*2750/3600 -> 4042.5 | G17: =G14*2750/3600 -> 3936.3194 | H17: =H14*2750/3600 -> 3101.3889 | I17: =I14*2750/3600 -> 9625
M18: Extracción palmiste | N18: 5.24 | R18: 5.75 | V18: =66.6*(13/100) -> 8.658 | X18: =AB18*$X$23 -> 0 | AB18: =+AA18/$AA$23 -> 0
A19: Deshidratación del fruto | B19: % | C19: 0.118 | D19: 0.1112 | E19: 0.1206 | F19: 0.1032 | G19: 0.1232 | H19: 0.121 | I19: 0.119 | M19: Calentamiento de agua | O19: =+C141 -> 1672.1279 | Q19: =+D141 -> 2301.0181 | S19: =+E141 -> 2986.2016 | U19: =+F141 -> 1193.3209 | W19: =+G141 -> 1935.2326 | X19: =AB19*$X$23 -> 0 | Y19: =+H141 -> 1174.186 | Z19: =AVERAGE(Y19,W19,U19,S19,Q19,O19) -> 1877.0145 | AA19: 0 | AB19: =+AA19/$AA$23 -> 0
A20: Condensados de esterilización | B20: kg∙tRFF∙h-1 | C20: 4170 | D20: 5386 | E20: 4348 | F20: 3304 | G20: 3317 | H20: 2310 | I20: =+I22*I13/1000 -> 1560 | M20: Caldera | N20: 5.19 | O20: =+C160 -> 303 | P20: 2.95 | Q20: =+E160 -> 303 | R20: 2.3 | S20: =+E160 -> 303 | T20: =+AA20*$T$23 -> 4.4265188 | U20: =+F160 -> 303 | V20: 5.6 | W20: =+G160 -> 303 | X20: =AB20*$X$23 -> 3.8054402 | Y20: =+H160 -> 303 | Z20: =+O20+Q20+S20+U20+W20+Y20 -> 1818 | AA20: 0.15586334 | AB20: =+AA20/$AA$23 -> 0.20909012
O21: =+O11/O23 -> 0.18605469 | Q21: =+Q11/Q23 -> 0.18001412 | S21: =+S11/S23 -> 0.15885394 | U21: =+U11/U23 -> 0.21684293 | W21: =+W11/W23 -> 0.15634881 | Y21: =+Y11/Y23 -> 0.18551396 | Z21: =+Z23+Z7 -> 26969.749
B22: kgvapor∙tRFF-1 | C22: =+C20/C4 -> 139 | D22: =+D20/D4 -> 134.65 | E22: =+E20/E4 -> 144.93333 | F22: =+F20/F4 -> 137.66667 | G22: =+G20/G4 -> 110.56667 | H22: =+H20/H4 -> 115.5 | I22: 39 | M22: Planta tratamiento agua | N22: 0.93 | P22: 1.91 | R22: 0.05 | T22: =+AA22*$T$23 -> 1.0633948 | X22: =AB22*$X$23 -> 0.91419136 | AA22: 0.037443478 | AB22: =+AA22/$AA$23 -> 0.050230295
A23: Vapor evaporador | B23: kgvapor∙h-1 | C23: =+(150*C4)+C16-((0.15-C19)*C4)-C22 -> 4572.4067 | D23: =+(150*D4)+D16-(0.045*D4)-D22 -> 6065.05 | E23: =+(150*E4)+E16-(0.045*E4)-E22 -> 4588.25 | F23: =+(150*F4)+F16-(0.045*F4)-F22 -> 3681.7533 | G23: =+(150*G4)+G16-(0.045*G4)-G22 -> 4559.85 | H23: =+(150*H4)+H16-(0.045*H4)-H22 -> 3108.6 | I23: =+I24*40 -> 15800 | M23: Total | N23: =SUM(N6:N22) -> 25.75 | O23: =+(SUM(O7:O19)) -> 11627.406 | P23: =SUM(P6:P22) -> 16.44 | Q23: =+(SUM(Q7:Q19)) -> 14954.074 | R23: =SUM(R6:R22) -> 21.62 | S23: =+(SUM(S7:S19)) -> 12199.799 | T23: 28.4 | U23: =+(SUM(U7:U19)) -> 9180.352 | V23: =SUM(V6:V22) -> 30.208 | W23: =+(SUM(W7:W19)) -> 10323.694 | X23: 18.2 | Y23: =+(SUM(Y7:Y19)) -> 7436.5472 | Z23: =+Z7/Z20 -> 14.82669 | AA23: =SUM(AA6:AA22) -> 0.74543617 | AB23: =+AA23/$AA$23 -> 1
B24: kgvapor∙tRFF-1 | C24: =+C23/C4 -> 152.41356 | D24: =+D23/D4 -> 151.62625 | E24: =+E23/E4 -> 152.94167 | F24: =+F23/F4 -> 153.40639 | G24: =+G23/G4 -> 151.995 | H24: =+H23/H4 -> 155.43 | I24: 395 | M24: Eficiencia global planta extractora | N24: =+C199 -> 0.21366301 | P24: =+D199 -> 0.15522087 | R24: =+E199 -> 0.17340123 | T24: =+F199 -> 0.16190252 | V24: =+G199 -> 0.14791053 | X24: =+H199 -> 0.19027946
C25: =+C4*C24*2200/3600 -> 2794.2485 | D25: =+D4*D24*2200/3600 -> 3706.4194 | E25: =+E4*E24*2200/3600 -> 2803.9306 | F25: =+F4*F24*2200/3600 -> 2249.9604 | G25: =+G4*G24*2200/3600 -> 2786.575 | H25: =+H4*H24*2200/3600 -> 1899.7 | I25: =+I4*I24*2200/3600 -> 42001.667
C26: =+C25/C15 -> 0.57415246 | D26: =+D25/D15 -> 0.60199007 | E26: =+E25/E15 -> 0.52168846 | F26: =+F25/F15 -> 0.55657647 | G26: =+G25/G15 -> 0.70791384 | H26: =+H25/H15 -> 0.61253202 | N26: =+N23*O1 -> 772.5 | O26: =+O23 -> 11627.406 | P26: =+P23*Q1 -> 657.6 | R26: =+R23*S1 -> 648.6 | T26: =+T23*U1 -> 681.6 | V26: =+V23*W1 -> 906.24 | X26: =+X23*Y1 -> 364
A27: Temperatura inicial | B27: °C | C27: =30+273 -> 303 | D27: =30+273 -> 303 | E27: =30+273 -> 303 | F27: =30+273 -> 303 | G27: =30+273 -> 303 | H27: =30+273 -> 303 | I27: =30+273 -> 303
A28: Temperatura final | B28: °C | C28: =95+273 -> 368 | D28: =94+273 -> 367 | E28: =96+273 -> 369 | F28: =98+273 -> 371 | G28: =92+273 -> 365 | H28: =90+273 -> 363 | I28: =90+273 -> 363
P29: Aceites
A30: Vapor teorico | B30: kgvapor∙tRFF-1 | C30: =+((((C13*(1-C19))*Biomass!$F$35*Eficiencia!C$28)+(C23*$K$4)+(C20*503.7))-(C13*Biomass!$D$35*Eficiencia!C$27))/$K$3 -> 4884.496 | D30: =+((((D13*(1-D19))*Biomass!$F$35*Eficiencia!D$28)+(D23*$K$4)+(D20*503.7))-(D13*Biomass!$D$35*Eficiencia!D$27))/$K$3 -> 6493.486 | E30: =+((((E13*(1-E19))*Biomass!$F$35*Eficiencia!E$28)+(E23*$K$4)+(E20*503.7))-(E13*Biomass!$D$35*Eficiencia!E$27))/$K$3 -> 4931.4807 | F30: =+((((F13*(1-F19))*Biomass!$F$35*Eficiencia!F$28)+(F23*$K$4)+(F20*503.7))-(F13*Biomass!$D$35*Eficiencia!F$27))/$K$3 -> 4057.4379 | G30: =+((((G13*(1-G19))*Biomass!$F$35*Eficiencia!G$28)+(G23*$K$4)+(G20*503.7))-(G13*Biomass!$D$35*Eficiencia!G$27))/$K$3 -> 4620.7401 | H30: =+((((H13*(1-H19))*Biomass!$F$35*Eficiencia!H$28)+(H23*$K$4)+(H20*503.7))-(H13*Biomass!$D$35*Eficiencia!H$27))/$K$3 -> 3152.6482 | I30: =+((((I13*(1-I19))*Biomass!$F$35*Eficiencia!I$28)+(I23*$K$4)+(I20*503.7))-(I13*Biomass!$D$35*Eficiencia!I$27))/$K$3 -> 15064.613 | P30: Ral | Q30: 3.95 | S30: GVA
P31: APC | Q31: 3.92 | S31: Digestion y prensado | T31: 0.17 | U31: =+$Q$39*T31 -> 2.9529
A32: Eficiencia energética | B32: % | C32: =+C30/C14 -> 0.7666765 | D32: =+D30/D14 -> 0.80564343 | E32: =+E30/E14 -> 0.70089265 | F32: =+F30/F14 -> 0.76671163 | G32: =+G30/G14 -> 0.89670873 | H32: =+H30/H14 -> 0.77651433 | I32: =+I30/I14*0.7 -> 0.83692293 | P32: GVA | Q32: 2.94 | S32: Desfibración | T32: 0.14 | U32: =+$Q$39*T32 -> 2.4318
P33: RAPC | Q33: 2.35 | S33: Pérdidas | T33: 0.14 | U33: =+$Q$39*T33 -> 2.4318
A34: Desfrutado | P34: Perdídas | Q34: 1.93 | S34: PTA | T34: 0.11 | U34: =+$Q$39*T34 -> 1.9107
A35: Raquis vacío | B35: kg∙tRFF∙h-1 | C35: 24.3 | D35: 22.5 | E35: 22.9 | F35: 18.6 | G35: 24.34 | H35: 21.35 | I35: =+MEDIAN(C35:H35) -> 22.7 | P35: PTA | Q35: 1.3 | S35: Recuperación de aceite | T35: 0.08 | U35: 0
C36: =+C35*C4*10 -> 7290 | D36: =+D35*D4*10 -> 9000 | E36: =+E35*E4*10 -> 6870 | F36: =+F35*F4*10 -> 4464 | G36: =+G35*G4*10 -> 7302 | H36: =+H35*H4*10 -> 4270
A37: Humedad raquis | B37: % | C37: 64.3 | D37: 62.5 | E37: 66.7 | F37: 58.9 | G37: 59.7 | H37: 62.8 | P37: NO OP | Q37: 0.89 | S37: Prensado de raquiz | T37: 0.07 | U37: 0
A38: Masa que pasa por digestor | B38: MPD∙tRFF∙h-1 | C38: 64.2 | D38: 66.3 | E38: 67.2 | F38: 65.5 | G38: 67.9 | H38: 66.5 | I38: 2 | P38: PTAR | Q38: 0.09 | S38: 0 | T38: 0.07 | U38: =+$Q$39*T38 -> 1.2159
A39: Humedad MPD | B39: % | C39: 28.7 | Q39: =SUM(Q30:Q38) -> 17.37 | S39: No operaciónal | T39: , | U39: =+$Q$39*T39 -> #VALUE!
A40: Digestión y prensado | S40: Secado de almendra | T40: 0.04 | U40: =+$Q$39*T40 -> 0.6948
A41: Fruto suelto | C41: =+C38*C13/100 -> 19260 | D41: =+D38*D13/100 -> 26520 | E41: =+E38*E13/100 -> 20160 | F41: =+F38*F13/100 -> 15720 | G41: =+G38*G13/100 -> 20370 | H41: =+H38*H13/100 -> 13300 | S41: Recuperación de Almendra | T41: 0.04 | U41: =+$Q$39*T41 -> 0.6948
S42: Desfrutación | T42: 0.02 | U42: =+$Q$39*T42 -> 0.3474
A43: Vapor de digestión | B43: kgvapor∙h-1 | C43: 2832 | D43: 3524 | E43: 2537 | F43: 2606 | G43: 2113 | H43: 1806 | S43: Recepción | T43: 0.01 | U43: =+$Q$39*T43 -> 0.1737
B44: kgvapor∙tRFF-1 | C44: =+C43/C4 -> 94.4 | D44: =+D43/D4 -> 88.1 | E44: =+E43/E4 -> 84.566667 | F44: =+F43/F4 -> 108.58333 | G44: =+G43/G4 -> 70.433333 | H44: =+H43/H4 -> 90.3 | S44: PTAR | T44: 0.01 | U44: =+$Q$39*T44 -> 0.1737
C45: =+C43*0.763888888888889 -> 2163.3333 | D45: =+D43*0.763888888888889 -> 2691.9444 | E45: =+E43*0.763888888888889 -> 1937.9861 | F45: =+F43*0.763888888888889 -> 1990.6944 | G45: =+G43*0.763888888888889 -> 1614.0972 | H45: =+H43*0.763888888888889 -> 1379.5833
A46: Licor de prensa | B46: kgLP∙h-1 | C46: 11866 | D46: 15972 | E46: 11799 | F46: =0.39*F13 -> 9360 | G46: 9513 | H46: 7885 | U46: =SUM(U31:U44) -> #VALUE!
A47: Aceite crudo en LP | B47: % | C47: 53 | D47: 54 | E47: 53 | F47: 50 | G47: 54 | H47: 53
A48: Agua en LP | B48: % | C48: 14 | D48: 16 | E48: 17 | F48: 15 | G48: 17 | H48: 16
A49: Residuos orgánicos en LP | B49: % | C49: 33 | D49: 31 | E49: 30 | F49: 35 | G49: 29 | H49: 31
A50: CP LP | B50: kg (kJ K)-1 | C50: =+((C47*1.46)+(C48*4.18)+(C49*2.22))/100 -> 2.0916 | D50: =+((D47*1.46)+(D48*4.18)+(D49*2.22))/100 -> 2.1454 | E50: =+((E47*1.46)+(E48*4.18)+(E49*2.22))/100 -> 2.1504 | F50: =+((F47*1.46)+(F48*4.18)+(F49*2.22))/100 -> 2.134 | G50: =+((G47*1.46)+(G48*4.18)+(G49*2.22))/100 -> 2.1428 | H50: =+((H47*1.46)+(H48*4.18)+(H49*2.22))/100 -> 2.1308
A51: Porcentaje de fibra de mesocarpio | B51: % | C51: 12.3 | D51: 12.5 | E51: 12.7 | F51: 12.4 | G51: 13.1 | H51: 12.7 | J51: 23.5 | K51: =+J51/$J$57 -> 0.36776213 | L51: 1.46 | M51: =+K51*L51 -> 0.53693271
A52: Fibra de mesocarpio | B52: kg fibra h-1 | C52: =+C51*C13/100 -> 3690 | D52: =+D51*D13/100 -> 5000 | E52: =+E51*E13/100 -> 3810 | F52: =+F51*F13/100 -> 2976 | G52: =+G51*G13/100 -> 3930 | H52: =+H51*H13/100 -> 2540 | J52: 5.2 | K52: =+J52/$J$57 -> 0.081377152 | L52: 1.59 | M52: =+K52*L52 -> 0.12938967
C53: =+C52/C4 -> 123 | D53: =+D52/D4 -> 125 | E53: =+E52/E4 -> 127 | F53: =+F52/F4 -> 124 | G53: =+G52/G4 -> 131 | H53: =+H52/H4 -> 127 | I53: =+MEDIAN(C53:H53) -> 126
A54: Humedad de mesocarpio | B54: % | C54: 35.2 | D54: 33.1 | E54: 38.4 | F54: 35.3 | G54: 36.6 | H54: 36.8 | J54: 6.8 | K54: =+J54/$J$57 -> 0.10641628 | L54: 1.88 | M54: =+K54*L54 -> 0.2000626
A55: Cp fibra humeda | C55: =+(((100-C54)*1.8)+(C54*4.18))/100 -> 2.63776 | D55: =+(((100-D54)*1.8)+(D54*4.18))/100 -> 2.58778 | E55: =+(((100-E54)*1.8)+(E54*4.18))/100 -> 2.71392 | F55: =+(((100-F54)*1.8)+(F54*4.18))/100 -> 2.64014 | G55: =+(((100-G54)*1.8)+(G54*4.18))/100 -> 2.67108 | H55: =+(((100-H54)*1.8)+(H54*4.18))/100 -> 2.67584 | J55: 14 | K55: =+J55/$J$57 -> 0.21909233 | L55: 1.8 | M55: =+K55*L55 -> 0.3943662
A56: Porcentaje de fibra de mesocarpio | B56: % | C56: 12 | D56: 12.4 | E56: 12.7 | F56: 12.9 | G56: 13.1 | H56: 12.5 | J56: 14.4 | K56: =+J56/$J$57 -> 0.22535211 | L56: 4.18 | M56: =+K56*L56 -> 0.94197183
A57: Nueces | B57: kg nueces h-1 | C57: =+C56*C13/100 -> 3600 | D57: =+D56*D13/100 -> 4960 | E57: =+E56*E13/100 -> 3810 | F57: =+F56*F13/100 -> 3096 | G57: =+G56*G13/100 -> 3930 | H57: =+H56*H13/100 -> 2500 | J57: =SUM(J51:J56) -> 63.9 | M57: =SUM(M51:M56) -> 2.202723
A58: Humedad de nueces | B58: % | C58: 10 | D58: 10.82 | E58: 13.36 | F58: 12.29 | G58: 14.33 | H58: 16.47
A59: Cp fibra humeda | C59: =+(((100-C58)*1.8)+(C58*4.18))/100 -> 2.038 | D59: =+(((100-D58)*1.8)+(D58*4.18))/100 -> 2.057516 | E59: =+(((100-E58)*1.8)+(E58*4.18))/100 -> 2.117968 | F59: =+(((100-F58)*1.8)+(F58*4.18))/100 -> 2.092502 | G59: =+(((100-G58)*1.8)+(G58*4.18))/100 -> 2.141054 | H59: =+(((100-H58)*1.8)+(H58*4.18))/100 -> 2.191986
A61: Temperatura inicial | B61: °C | C61: =80+273 -> 353 | D61: =80+273 -> 353 | E61: =80+273 -> 353 | F61: =80+273 -> 353 | G61: =80+273 -> 353 | H61: =80+273 -> 353
A62: Temperatura final | B62: °C | C62: =90+273 -> 363 | D62: =90+273 -> 363 | E62: =90+273 -> 363 | F62: =90+273 -> 363 | G62: =90+273 -> 363 | H62: =90+273 -> 363
A64: Vapor teorico | B64: kgvapor∙tRFF-1 | C64: =+((C46*C50*C62)+(C52*C55*C62)+(C57*C59*C62)-(C41*$M$57*C61))/2703 -> 85.053522 | D64: =+((D46*D50*D62)+(D52*D55*D62)+(D57*D59*D62)-(D41*$M$57*D61))/2703 -> 81.054713 | E64: =+((E46*E50*E62)+(E52*E55*E62)+(E57*E59*E62)-(E41*$M$57*E61))/2703 -> 80.375367 | F64: =+((F46*F50*F62)+(F52*F55*F62)+(F57*F59*F62)-(F41*$M$57*F61))/2703 -> 85.51701 | G64: =+((G46*G50*G62)+(G52*G55*G62)+(G57*G59*G62)-(G41*$M$57*G61))/2703 -> -582.47212 | H64: =+((H46*H50*H62)+(H52*H55*H62)+(H57*H59*H62)-(H41*$M$57*H61))/2703 -> 79.072886
C65: =+C64/C44 -> 0.9009907 | D65: =+D64/D44 -> 0.9200308 | E65: =+E64/E44 -> 0.95043792 | F65: =+F64/F44 -> 0.78757032 | G65: =+G64/G44 -> -8.2698361 | H65: =+H64/H44 -> 0.87566873
A66: Clarificación
A67: Agua de dilución | B67: kgagua∙h-1 | C67: =+(C47*C46)/1.4/100 -> 4492.1286 | D67: =+(D47*D46)/1.4/100 -> 6160.6286 | E67: =+(E47*E46)/1.4/100 -> 4466.7643 | F67: =+(F47*F46)/1.4/100 -> 3342.8571 | G67: =+(G47*G46)/1.4/100 -> 3669.3 | H67: =+(H47*H46)/1.4/100 -> 2985.0357
A68: Temperatura LP | B68: °C | C68: =80+273 -> 353 | D68: =80+273 -> 353 | E68: =80+273 -> 353 | F68: =80+273 -> 353 | G68: =80+273 -> 353 | H68: =80+273 -> 353
A69: Temperatura aceite clarificado | B69: °C | C69: =95+273 -> 368 | D69: =95+273 -> 368 | E69: =95+273 -> 368 | F69: =95+273 -> 368 | G69: =95+273 -> 368 | H69: =95+273 -> 368
A70: Aceite clarificado | B70: kgaceite∙h-1 | C70: =+(C46*C47*0.9)/100 -> 5660.082 | D70: =+(D46*D47*0.9)/100 -> 7762.392 | E70: =+(E46*E47*0.9)/100 -> 5628.123 | F70: =+(F46*F47*0.9)/100 -> 4212 | G70: =+(G46*G47*0.9)/100 -> 4623.318 | H70: =+(H46*H47*0.9)/100 -> 3761.145
A71: Vapor de clarificacion | B71: kgvapor∙h-1 | C71: 701 | D71: 1122 | E71: 535 | F71: 683 | G71: 513 | H71: 408
C72: =+C71/C4 -> 23.366667 | D72: =+D71/D4 -> 28.05 | E72: =+E71/E4 -> 17.833333 | F72: =+F71/F4 -> 28.458333 | G72: =+G71/G4 -> 17.1 | H72: =+H71/H4 -> 20.4
C73: =+C71*2750/3600 -> 535.48611 | D73: =+D71*2750/3600 -> 857.08333 | E73: =+E71*2750/3600 -> 408.68056 | F73: =+F71*2750/3600 -> 521.73611 | G73: =+G71*2750/3600 -> 391.875 | H73: =+H71*2750/3600 -> 311.66667
A74: Lodos de clarificación | B74: kgLodos∙h-1 | C74: =+C46+C67+C71-C70 -> 11399.047 | D74: =+D46+D67+D71-D70 -> 15492.237 | E74: =+E46+E67+E71-E70 -> 11172.641 | F74: =+F46+F67+F71-F70 -> 9173.8571 | G74: =+G46+G67+G71-G70 -> 9071.982 | H74: =+H46+H67+H71-H70 -> 7516.8907
C76: =+((C70*1.46*C69)+(C74*2.22*C69)-(C67*500)-(C46*C50*C68))/2700 -> 498.69219 | D76: =+((D70*1.46*D69)+(D74*2.22*D69)-(D67*500)-(D46*D50*D68))/2700 -> 611.40267 | E76: =+((E70*1.46*E69)+(E74*2.22*E69)-(E67*500)-(E46*E50*E68))/2700 -> 356.14064 | F76: =+((F70*1.46*F69)+(F74*2.22*F69)-(F67*500)-(F46*F50*F68))/2700 -> 383.46756 | G76: =+((G70*1.46*G69)+(G74*2.22*G69)-(G67*500)-(G46*G50*G68))/2700 -> 320.40726 | H76: =+((H70*1.46*H69)+(H74*2.22*H69)-(H67*500)-(H46*H50*H68))/2700 -> 273.4777
A77: Vapor teorico | B77: kgvapor∙tRFF-1 | C77: =+C76/C71 -> 0.71140113 | D77: =+D76/D71 -> 0.54492217 | E77: =+E76/E71 -> 0.66568345 | F77: =+F76/F71 -> 0.56144591 | G77: =+G76/G71 -> 0.62457555 | H77: =+H76/H71 -> 0.67028848
A79: Recuperación de aceite
A80: Agua de recuperación | B80: kgagua∙h-1 | C80: 3784 | D80: 5328 | E80: 3703 | F80: 3180 | G80: 3004 | H80: 2605
A81: Aceite recuperado | B81: kgaceite∙h-1 | C81: 736 | D81: 878 | E81: 654 | F81: 651 | G81: 535 | H81: 455
A82: Efluente | B82: kgefluente∙h-1 | C82: 16780 | D82: 22727 | E82: 16595 | F82: 14024 | G82: 13313 | H82: 11422
A85: Almacenamiento
A86: Aceite seco | C86: =+C70 -> 5660.082 | D86: =+D70 -> 7762.392 | E86: =+E70 -> 5628.123 | F86: =+F70 -> 4212 | G86: =+G70 -> 4623.318 | H86: =+H70 -> 3761.145
A87: Vapor teorico | C87: =+C86*1.46*(Eficiencia!C90-Eficiencia!C89)/(2700-2654) -> 1077.8765 | D87: =+D86*1.46*(Eficiencia!D90-Eficiencia!D89)/(2700-2654) -> 1478.2294 | E87: =+E86*1.46*(Eficiencia!E90-Eficiencia!E89)/(2700-2654) -> 1071.7904 | F87: =+F86*1.46*(Eficiencia!F90-Eficiencia!F89)/(2700-2654) -> 802.1113 | G87: =+G86*1.46*(Eficiencia!G90-Eficiencia!G89)/(2700-2654) -> 880.44056 | H87: =+H86*1.46*(Eficiencia!H90-Eficiencia!H89)/(2700-2654) -> 716.25283
C88: =+C87/C4 -> 35.929216 | D88: =+D87/D4 -> 36.955736 | E88: =+E87/E4 -> 35.726346 | F88: =+F87/F4 -> 33.421304 | G88: =+G87/G4 -> 29.348019 | H88: =+H87/H4 -> 35.812642
A89: Temperatura entrada | C89: 57.5 | D89: 57.5 | E89: 57.5 | F89: 57.5 | G89: 57.5 | H89: 57.5
A90: Temperatura salida | C90: 63.5 | D90: 63.5 | E90: 63.5 | F90: 63.5 | G90: 63.5 | H90: 63.5
A91: Vapor de almacenamiento | B91: kgvapor∙h-1 | C91: 1514 | D91: 1701 | E91: 1427 | F91: 1127 | G91: 1100 | H91: 932
C92: =+C91*2750/3600 -> 1156.5278 | D92: =+D91*2750/3600 -> 1299.375 | E92: =+E91*2750/3600 -> 1090.0694 | F92: =+F91*2750/3600 -> 860.90278 | G92: =+G91*2750/3600 -> 840.27778 | H92: =+H91*2750/3600 -> 711.94444
C93: =+C91/C4 -> 50.466667 | D93: =+D91/D4 -> 42.525 | E93: =+E91/E4 -> 47.566667 | F93: =+F91/F4 -> 46.958333 | G93: =+G91/G4 -> 36.666667 | H93: =+H91/H4 -> 46.6
A94: Temperatura despacho | B94: °C | C94: 50 | D94: 52 | E94: 55 | F94: 52 | G94: 50 | H94: 55
C96: =+C88/C93 -> 0.71193955 | D96: =+D88/D93 -> 0.86903553 | E96: =+E88/E93 -> 0.75107945 | F96: =+F88/F93 -> 0.71172254 | G96: =+G88/G93 -> 0.80040051 | H96: =+H88/H93 -> 0.76851162
A97: Secado de nueces
A98: Nuces de palma | C98: =+C57 -> 3600 | D98: =+D57 -> 4960 | E98: =+E57 -> 3810 | F98: =+F57 -> 3096 | G98: =+G57 -> 3930 | H98: =+H57 -> 2500 | K98: =16.36/1000 -> 0.01636
A99: Humedad de secado | B99: % | C99: 16 | D99: 16 | E99: 16 | F99: 16 | G99: 16 | H99: 16 | K99: =24750/6150 -> 4.0243902
A100: Contenido de agua en nuez | B100: kg | C100: =+C99*C98/100 -> 576 | D100: =+D99*D98/100 -> 793.6 | E100: =+E99*E98/100 -> 609.6 | F100: =+F99*F98/100 -> 495.36 | G100: =+G99*G98/100 -> 628.8 | H100: =+H99*H98/100 -> 400 | K100: =+K99*1.13/(0.016+1) -> 4.4759458
D101: =+D109/D4 -> 53.925 | E101: =+E109/E4 -> 51.866667 | F101: =+F109/F4 -> 50.833333 | G101: =+G109/G4 -> 42.866667 | H101: =+H109/H4 -> 49.6 | K101: =4.54-K99 -> 0.51560976
A102: Nuez seca | C102: =0.84/0.95*C98 -> 3183.1579 | D102: =0.84/0.95*D98 -> 4385.6842 | E102: =0.84/0.95*E98 -> 3368.8421 | F102: =0.84/0.95*F98 -> 2737.5158 | G102: =0.84/0.95*G98 -> 3474.9474 | H102: =0.84/0.95*H98 -> 2210.5263
A103: Flujo de aire de secado | C103: =+C98*3.5 -> 12600 | D103: =+D98*3.2 -> 15872 | E103: =+E98*3.5 -> 13335 | F103: =+F98*3.5 -> 10836 | G103: =+G98*3.5 -> 13755 | H103: =+H98*3.5 -> 8750 | I103: 0.016
A104: m Aire Seco | C104: =+(C103/($I$103+1)) -> 12401.575 | D104: =+(D103/($I$103+1)) -> 15622.047 | E104: =+(E103/($I$103+1)) -> 13125 | F104: =+(F103/($I$103+1)) -> 10665.354 | G104: =+(G103/($I$103+1)) -> 13538.386 | H104: =+(H103/($I$103+1)) -> 8612.2047
A105: m agua amb | C105: =+C103-C104 -> 198.4252 | D105: =+D103-D104 -> 249.95276 | E105: =+E103-E104 -> 210 | F105: =+F103-F104 -> 170.64567 | G105: =+G103-G104 -> 216.61417 | H105: =+H103-H104 -> 137.79528 | I105: =+H105/H104 -> 0.016
A106: m aire agua salida | C106: =+C98-C102 -> 416.84211 | D106: =+D98-D102 -> 574.31579 | E106: =+E98-E102 -> 441.15789 | F106: =+F98-F102 -> 358.48421 | G106: =+G98-G102 -> 455.05263 | H106: =+H98-H102 -> 289.47368 | I106: =+H106/H104 -> 0.03361203
A107: Aire evap | C107: =+C104+C106 -> 12818.417 | D107: =+D104+D106 -> 16196.363 | E107: =+E104+E106 -> 13566.158 | F107: =+F104+F106 -> 11023.839 | G107: =+G104+G106 -> 13993.438 | H107: =+H104+H106 -> 8901.6784
A108: Agua removida | C108: =+C106/C104 -> 0.03361203 | D108: =+D106/D104 -> 0.036763158 | E108: =+E106/E104 -> 0.03361203 | F108: =+F106/F104 -> 0.03361203 | G108: =+G106/G104 -> 0.03361203 | H108: =+H106/H104 -> 0.03361203 | K108: =4.54/1.016 -> 4.4685039
...

Sheet Hoja3
B6: Parametro | C6: Unidad | D6: Planta extractora
D7: Palmaceite Planta A | E7: Aceites Planta B | F7: Extrarsa Planta C | G7: Tequendama Planta D | H7: Gradesa Planta E | I7: Padelma Planta F
B8: Consumo de vapor en proceso | C8: kg t RFF-1 | D8: 542 | E8: 442 | F8: 452 | G8: 517 | H8: 430 | I8: 470
B9: Consumo de electricidad en PB | C9: kWh t RFF-1 | D9: 19.5 | E9: 18.7 | F9: 20.1 | G9: 20.4 | H9: 21.7 | I9: 18.9
B10: Consumo de diésel en PB | C10: L t RFF-1 | D10: 0.01 | E10: 0.38 | F10: 0.02 | G10: 0.09 | H10: 0.04 | I10: 0.1
B11: Biomasa usada como combustible
B12: Cuesco | C12: kg t RFF-1 | D12: 58.2 | E12: 105.5 | F12: 98 | G12: 102.7 | H12: =+H44/H20*1000 -> #DIV/0! | I12: =+I44/I20*1000 -> #DIV/0!
B13: Fibra | C13: kg t RFF-1 | D13: 47.2 | E13: 41.2 | F13: 36.9 | G13: 31.28 | H13: 42.5 | I13: 45.9
B14: Raquis | C14: kg t RFF-1 | D14: 243.5 | E14: 224.6 | F14: 229 | G14: 185.5 | H14: 243.3 | I14: 213.5
B15: Eficiencia térmica/electrica sistema de combustión | C15: % | D15: 76/13 | E15: 55/0 | F15: 62/0 | G15: 53/0 | H15: 65/0% | I15: 47/0
B16: Eficiencia eléctrica planta de biogás | C16: % | D16: N.A. | E16: N.A. | F16: N.A. | G16: 15 | H16: N.A. | I16: N.A.

Sheet Scenarios1
A2: Parametro | B2: Unidad | C2: Planta extractora
C3: Palmaceite Planta A | D3: Aceites Planta B | E3: Extrarsa Planta C | F3: Tequendama Planta D | G3: Gradesa Planta E | H3: Padelma Planta F
A4: Demanda energética
A5: Capacidad de procesamiento | B5: kg h | C5: =+Eficiencia!C13 -> 30000 | D5: =+Eficiencia!D13 -> 40000 | E5: =+Eficiencia!E13 -> 30000 | F5: =+Eficiencia!F13 -> 24000 | G5: 30000 | H5: =+Eficiencia!H13 -> 20000
A6: Demanda tèrmica proceso LB | B6: kWhth h-1 | C6: =+Eficiencia!O23 -> 11627.406 | D6: =+Eficiencia!Q23 -> 14954.074 | E6: =+Eficiencia!S23 -> 12199.799 | F6: =+Eficiencia!U23 -> 9180.352 | G6: =+Eficiencia!W23 -> 10323.694 | H6: =+Eficiencia!Y23 -> 7436.5472
A7: Consumo de electricidad en PB | B7: kWhe h-1 | C7: =+Datos_Base!S8 -> 485.04367 | D7: =+Datos_Base!T8 -> 904.80459 | E7: =+Datos_Base!U8 -> 412.667 | F7: =+Datos_Base!V8 -> 790 | G7: =+Datos_Base!W8 -> 419.39799 | H7: =+Datos_Base!X8 -> 555.9049
A8: Agua proceso | B8: kg h-1 | C8: =+Eficiencia!C138 -> 13842 | D8: =+Eficiencia!D138 -> 19048 | E8: =+Eficiencia!E138 -> 24720 | F8: =+Eficiencia!F138 -> 9878.4 | G8: =+Eficiencia!G138 -> 16020 | H8: =+Eficiencia!H138 -> 9720 | I8: =+MEDIAN(C8:H8) -> 14931
A10: Consumo electricidad esterilizaciòn convencional | B10: kWhe h-1 | C10: =+Eficiencia!N7*Eficiencia!O1 -> 2.4 | D10: =+Eficiencia!P7*Eficiencia!Q1 -> 4.8 | E10: =+Eficiencia!R7*Eficiencia!S1 -> 12.3 | F10: =+Eficiencia!T7*Eficiencia!U1 -> 5.3868857 | G10: =+Eficiencia!V7*Eficiencia!W1 -> 9 | H10: =+Eficiencia!X7*Eficiencia!Y1 -> 3.8592161
A11: Consumo vapor esterilizaciòn convencional | B11: kWhth h-1 | C11: =+Eficiencia!O7 -> 4866.7361 | D11: =+Eficiencia!Q7 -> 6156.9444 | E11: =+Eficiencia!S7 -> 4588.25 | F11: =+Eficiencia!U7 -> 3681.7533 | G11: =+Eficiencia!W7 -> 4559.85 | H11: =+Eficiencia!Y7 -> 3101.3889
A12: Consumo electricidad esterilizaciòn convencional | B12: kWhe h-1 | C12: =2*C5/1000 -> 60 | D12: =2*D5/1000 -> 80 | E12: =2*E5/1000 -> 60 | F12: =2*F5/1000 -> 48 | G12: =2*G5/1000 -> 60 | H12: =2*H5/1000 -> 40
A13: Consumo vapor esterilizaciòn convencional | B13: kWhth h-1 | C13: =315*C5/1000*2750/3600 -> 7218.75 | D13: =315*D5/1000*2750/3600 -> 9625 | E13: =315*E5/1000*2750/3600 -> 7218.75 | F13: =315*F5/1000*2750/3600 -> 5775 | G13: =315*G5/1000*2750/3600 -> 7218.75 | H13: =315*H5/1000*2750/3600 -> 4812.5
A15: Demanda tèrmica proceso | B15: kWhth h-1 | C15: =+C6-C11+C13 -> 13979.42 | D15: =+D6-D11+D13 -> 18422.129 | E15: =+E6-E11+E13 -> 14830.299 | F15: =+F6-F11+F13 -> 11273.599 | G15: =+G6-G11+G13 -> 12982.594 | H15: =+H6-H11+H13 -> 9147.6583 | I15: =+MEDIAN(C15:H15) -> 13481.007
A16: Demanda elèctrica proceso | B16: kWhe h-1 | C16: =+C7-C10+C12 -> 542.64367 | D16: =+D7-D10+D12 -> 980.00459 | E16: =+E7-E10+E12 -> 460.367 | F16: =+F7-F10+F12 -> 832.61311 | G16: =+G7-G10+G12 -> 470.39799 | H16: =+H7-H10+H12 -> 592.04569 | I16: =+MEDIAN(C16:H16) -> 567.34468
A18: Biomasa usada como combustible
A19: Cuesco | B19: kg h-1 | C19: =+Eficiencia!C127 -> 1800 | D19: =+Eficiencia!D127 -> 1648.1086 | E19: =+Eficiencia!E127 -> 1350 | F19: =+Eficiencia!F127 -> 1368.0859 | G19: =+Eficiencia!G127 -> 1094.3756 | H19: =+Eficiencia!H127 -> 1399.7929
A20: Fibra | B20: kg h-1 | C20: =+Eficiencia!C52 -> 3690 | D20: =+Eficiencia!D52 -> 5000 | E20: =+Eficiencia!E52 -> 3810 | F20: =+Eficiencia!F52 -> 2976 | G20: =+Eficiencia!G52 -> 3930 | H20: =+Eficiencia!H52 -> 2540
A21: Raquis | B21: kg h-1 | C21: =+Eficiencia!C36 -> 7290 | D21: =+Eficiencia!D36 -> 9000 | E21: =+Eficiencia!E36 -> 6870 | F21: =+Eficiencia!F36 -> 4464 | G21: =+Eficiencia!G36 -> 7302 | H21: =+Eficiencia!H36 -> 4270
A23: Demanda electrica pretratamiento | B23: kWhe h-1 | C23: =15*C21/1000 -> 109.35 | D23: =15*D21/1000 -> 135 | E23: =15*E21/1000 -> 103.05 | F23: =15*F21/1000 -> 66.96 | G23: =15*G21/1000 -> 109.53 | H23: =15*H21/1000 -> 64.05
A24: Demanda tèrmica pretratamiento | B24: kWhth h-1 | C24: =371*C21/1000 -> 2704.59 | D24: =371*D21/1000 -> 3339 | E24: =371*E21/1000 -> 2548.77 | F24: =371*F21/1000 -> 1656.144 | G24: =371*G21/1000 -> 2709.042 | H24: =371*H21/1000 -> 1584.17
C25: =+C24/(C6/1000) -> 232.60477 | D25: =+D24/(D6/1000) -> 223.28364 | E25: =+E24/(E6/1000) -> 208.91902 | F25: =+F24/(F6/1000) -> 180.40092 | G25: =+G24/(G6/1000) -> 262.41015 | H25: =+H24/(H6/1000) -> 213.02494 | I25: =+MEDIAN(C25:H25) -> 218.15429
A26: Potencial energètico cuesco | B26: kWhth h-1 | C26: =+C19*Biomass!$G$15/3600 -> 8120.3015 | D26: =+D19*Biomass!$G$15/3600 -> 7435.0772 | E26: =+E19*Biomass!$G$15/3600 -> 6090.2261 | F26: =+F19*Biomass!$G$15/3600 -> 6171.8166 | G26: =+G19*Biomass!$G$15/3600 -> 4937.0332 | H26: =+H19*Biomass!$G$15/3600 -> 6314.8556
A27: Potencial energètico Fibra | B27: kWhth h-1 | C27: =+C20*Biomass!$E$15/3600 -> 12809.004 | D27: =+D20*Biomass!$E$15/3600 -> 17356.375 | E27: =+E20*Biomass!$E$15/3600 -> 13225.557 | F27: =+F20*Biomass!$E$15/3600 -> 10330.514 | G27: =+G20*Biomass!$E$15/3600 -> 13642.11 | H27: =+H20*Biomass!$E$15/3600 -> 8817.0383
A28: Potencial energètico Tusa | B28: kWhth h-1 | C28: =0.4/0.9*C21*Biomass!$K$15/3600 -> 14873.065 | D28: =0.4/0.9*D21*Biomass!$K$15/3600 -> 18361.809 | E28: =0.4/0.9*E21*Biomass!$K$15/3600 -> 14016.181 | F28: =0.4/0.9*F21*Biomass!$K$15/3600 -> 9107.4571 | G28: =0.4/0.9*G21*Biomass!$K$15/3600 -> 14897.547 | H28: =0.4/0.9*H21*Biomass!$K$15/3600 -> 8711.6581
A29: Biomasa energía | B29: kWhth h-1 | C29: =+C28+C27+C26 -> 35802.371 | D29: =+D28+D27+D26 -> 43153.26 | E29: =+E28+E27+E26 -> 33331.964 | F29: =+F28+F27+F26 -> 25609.788 | G29: =+G28+G27+G26 -> 33476.691 | H29: =+H28+H27+H26 -> 23843.552
C30: =+(SUM(C26:C28)-C31) -> 5370.3556 | D30: =+(SUM(D26:D28)-D31) -> 6472.9891 | E30: =+(SUM(E26:E28)-E31) -> 4999.7946 | F30: =+(SUM(F26:F28)-F31) -> 3841.4682 | G30: =+(SUM(G26:G28)-G31) -> 5021.5037 | H30: =+(SUM(H26:H28)-H31) -> 3576.5328 | I30: =+MEDIAN(C30:H30) -> 5010.6491
A31: Energìa vapor | B31: kWhth h-1 | C31: =+(C26+C27+C28)*0.85 -> 30432.015 | D31: =+(D26+D27+D28)*0.85 -> 36680.271 | E31: =+(E26+E27+E28)*0.85 -> 28332.17 | F31: =+(F26+F27+F28)*0.85 -> 21768.32 | G31: =+(G26+G27+G28)*0.85 -> 28455.187 | H31: =+(H26+H27+H28)*0.85 -> 20267.019 | I31: =+MEDIAN(C31:H31) -> 28393.678
A32: Masa vapor | B32: kg h-1 | C32: =+C31*3600/(3331.2-1087) -> 48817.064 | D32: =+D31*3600/(3331.2-1087) -> 58840.111 | E32: =+E31*3600/(3331.2-1087) -> 45448.628 | F32: =+F31*3600/(3331.2-1087) -> 34919.326 | G32: =+G31*3600/(3331.2-1087) -> 45645.965 | H32: =+H31*3600/(3331.2-1087) -> 32511.037 | I32: =+MEDIAN(C32:H32) -> 45547.296
A33: Masa vapor extracciòn | B33: kg h-1 | C33: =+C15*3600/2885 -> 17443.99 | D33: =+D15*3600/2885 -> 22987.752 | E33: =+E15*3600/2885 -> 18505.745 | F33: =+F15*3600/2885 -> 14067.576 | G33: =+G15*3600/2885 -> 16200.117 | H33: =+H15*3600/2885 -> 11414.756 | I33: =+MEDIAN(C33:H33) -> 16822.053
A35: W gross turbina | B35: kWhe h-1 | C35: =(((C33)*(3366.7-2885))+((C32-C33)*(2885-2296))*0.95*0.92)/3600 -> 6820.3304 | D35: =(((D33)*(3366.7-2885))+((D32-D33)*(2885-2296))*0.95*0.92)/3600 -> 8202.6368 | E35: =(((E33)*(3366.7-2885))+((E32-E33)*(2885-2296))*0.95*0.92)/3600 -> 6328.8989 | F35: =(((F33)*(3366.7-2885))+((F32-F33)*(2885-2296))*0.95*0.92)/3600 -> 4864.0389 | G35: =(((G33)*(3366.7-2885))+((G32-G33)*(2885-2296))*0.95*0.92)/3600 -> 6378.3074 | H35: =(((H33)*(3366.7-2885))+((H32-H33)*(2885-2296))*0.95*0.92)/3600 -> 4544.0439 | I35: =+MEDIAN(C35:H35) -> 6353.6032
A36: W neto turbina | B36: kWhe h-1 | C36: =+C35-C16-C23-(0.142*C35) -> 5199.8498 | D36: =+D35-D16-D23-(0.142*D35) -> 5922.8578 | E36: =+E35-E16-E23-(0.142*E35) -> 4866.7783 | F36: =+F35-F16-F23-(0.142*F35) -> 3273.7723 | G36: =+G35-G16-G23-(0.142*G35) -> 4892.6598 | H36: =+H35-H16-H23-(0.142*H35) -> 3242.694 | I36: =+MEDIAN(C36:H36) -> 4879.719
C37: =+C35-C36 -> 1620.4806 | D37: =+D35-D36 -> 2279.779 | E37: =+E35-E36 -> 1462.1206 | F37: =+F35-F36 -> 1590.2666 | G37: =+G35-G36 -> 1485.6476 | H37: =+H35-H36 -> 1301.3499 | I37: =+MEDIAN(C37:H37) -> 1537.9571
A38: Efluente | B38: L h-1 | C38: =+Eficiencia!C149 -> 18000 | D38: =+Eficiencia!D149 -> 24000 | E38: =+Eficiencia!E149 -> 18000 | F38: =+Eficiencia!F149 -> 14400 | G38: =+Eficiencia!G149 -> 18000 | H38: =+Eficiencia!H149 -> 12000 | I38: =+MEDIAN(C38:H38) -> 18000
C39: =0.95*C38/(C5/1000) -> 570 | D39: =0.95*D38/(D5/1000) -> 570 | E39: =0.95*E38/(E5/1000) -> 570 | F39: =0.95*F38/(F5/1000) -> 570 | G39: =0.95*G38/(G5/1000) -> 570 | H39: =0.95*H38/(H5/1000) -> 570 | I39: =+MEDIAN(C39:H39) -> 570
A40: DQO entrada | B40: mg L-1 | C40: 74496 | D40: 97777 | E40: 91573 | F40: 122973 | G40: 97338 | H40: 94964 | I40: =+MEDIAN(C40:H40) -> 96151
A41: Potencial de generaciòn de metano | B41: m3 h-1 | C41: =+(C40-1500)*C38/1000000*0.35 -> 459.8748 | D41: =+(D40-1500)*D38/1000000*0.35 -> 808.7268 | E41: =+(E40-1500)*E38/1000000*0.35 -> 567.4599 | F41: =+(F40-1500)*F38/1000000*0.35 -> 612.22392 | G41: =+(G40-1500)*G38/1000000*0.35 -> 603.7794 | H41: =+(H40-1500)*H38/1000000*0.35 -> 392.5488 | I41: =+MEDIAN(C41:H41) -> 585.61965
A42: Potencial energètico metano | B42: kWhth | C42: =9.94*C41 -> 4571.1555 | D42: =9.94*D41 -> 8038.7444 | E42: =9.94*E41 -> 5640.5514 | F42: =9.94*F41 -> 6085.5058 | G42: =9.94*G41 -> 6001.5672 | H42: =9.94*H41 -> 3901.9351
A44: W gross generador | B44: kWhe h-1 | C44: =+C42*0.4 -> 1828.4622 | D44: =+D42*0.4 -> 3215.4978 | E44: =+E42*0.4 -> 2256.2206 | F44: =+F42*0.4 -> 2434.2023 | G44: =+G42*0.4 -> 2400.6269 | H44: =+H42*0.4 -> 1560.774 | I44: =+MEDIAN(C44:H44) -> 2328.4237 | J44: =+I44+I35 -> 8682.0269
A45: W neto generador | B45: kWhe h-1 | C45: =+C44*0.8 -> 1462.7698 | D45: =+D44*0.8 -> 2572.3982 | E45: =+E44*0.8 -> 1804.9764 | F45: =+F44*0.8 -> 1947.3618 | G45: =+G44*0.8 -> 1920.5015 | H45: =+H44*0.8 -> 1248.6192 | I45: =+MEDIAN(C45:H45) -> 1862.739
A47: Excedentes electricidad EA1 | B47: kWhe h-1 | C47: =+C45+C36 -> 6662.6195 | D47: =+D45+D36 -> 8495.256 | E47: =+E45+E36 -> 6671.7547 | F47: =+F45+F36 -> 5221.1341 | G47: =+G45+G36 -> 6813.1613 | H47: =+H45+H36 -> 4491.3132 | I47: =+SUM(C47:H47) -> 38355.239
C48: =+C47/(C5/1000) -> 222.08732 | D48: =+D47/(D5/1000) -> 212.3814 | E48: =+E47/(E5/1000) -> 222.39182 | F48: =+F47/(F5/1000) -> 217.54726 | G48: =+G47/(G5/1000) -> 227.10538 | H48: =+H47/(H5/1000) -> 224.56566
C49: =+Eficiencia!C226/Eficiencia!C4 -> 20.135364 | D49: =+Eficiencia!D226/Eficiencia!D4 -> 26.178779 | E49: =+Eficiencia!E226/Eficiencia!E4 -> 15.433188 | F49: =+Eficiencia!F226/Eficiencia!F4 -> 28.401077 | G49: =+Eficiencia!G226/Eficiencia!G4 -> 24.16832 | H49: =+Eficiencia!H226/Eficiencia!H4 -> 18.2
C50: =+C48/C49 -> 11.029715 | D50: =+D48/D49 -> 8.1127314 | E50: =+E48/E49 -> 14.409973 | F50: =+F48/F49 -> 7.6598243 | G50: =+G48/G49 -> 9.396821 | H50: =+H48/H49 -> 12.338773
A51: =Eficiencia!A184 -> Q ACP | B51: kWhth h-1 | C51: =Eficiencia!C184 -> 810.30363 | D51: =Eficiencia!D184 -> 1111.2727 | E51: =Eficiencia!E184 -> 805.72834 | F51: =Eficiencia!F184 -> 602.9946 | G51: =Eficiencia!G184 -> 661.87934 | H51: =Eficiencia!H184 -> 538.4497
A52: =Eficiencia!A185 -> Q Palmiste | B52: kWhth h-1 | C52: =Eficiencia!C185 -> 262.50963 | D52: =Eficiencia!D185 -> 350.38553 | E52: =Eficiencia!E185 -> 234.9673 | F52: =Eficiencia!F185 -> 178.05374 | G52: =Eficiencia!G185 -> 156.31527 | H52: =Eficiencia!H185 -> 197.85691
A53: =Eficiencia!A186 -> Q APL | B53: kWhth h-1 | C53: =Eficiencia!C186 -> 0 | D53: =Eficiencia!D186 -> 202.03332 | E53: =Eficiencia!E186 -> 129.1813 | F53: =Eficiencia!F186 -> 97.891131 | G53: =Eficiencia!G186 -> 92.227933 | H53: =Eficiencia!H186 -> 103.47233
A54: =Eficiencia!A187 -> Q torta palmiste | B54: kWhth h-1 | C54: =Eficiencia!C187 -> 0 | D54: =Eficiencia!D187 -> 177.4252 | E54: =Eficiencia!E187 -> 123.15547 | F54: =Eficiencia!F187 -> 93.324867 | G54: =Eficiencia!G187 -> 77.764917 | H54: =Eficiencia!H187 -> 107.21988
A56: Q Agua | C56: =+(((C32-C33)*0.1)+C8)*4.18*303/3600 -> 5973.6033 | D56: =+(((D32-D33)*0.1)+D8)*4.18*303/3600 -> 7962.7496 | E56: =+(((E32-E33)*0.1)+E8)*4.18*303/3600 -> 9644.8035 | F56: =+(((F32-F33)*0.1)+F8)*4.18*303/3600 -> 4208.9851 | G56: =+(((G32-G33)*0.1)+G8)*4.18*303/3600 -> 6672.057 | H56: =+(((H32-H33)*0.1)+H8)*4.18*303/3600 -> 4161.8603
A57: Q RFF | C57: =+C5*2.02*303/3600 -> 5100.5 | D57: =+D5*2.02*303/3600 -> 6800.6667 | E57: =+E5*2.02*303/3600 -> 5100.5 | F57: =+F5*2.02*303/3600 -> 4080.4 | G57: =+G5*2.02*303/3600 -> 5100.5 | H57: =+H5*2.02*303/3600 -> 3400.3333
A59: Eficiencia global del sistema | C59: =+(C51+C52+C53+C54+C47)/(C56+C57) -> 0.6985155 | D59: =+(D51+D52+D53+D54+D47)/(D56+D57) -> 0.70013421 | E59: =+(E51+E52+E53+E54+E47)/(E56+E57) -> 0.54015756 | F59: =+(F51+F52+F53+F54+F47)/(F56+F57) -> 0.74714812 | G59: =+(G51+G52+G53+G54+G47)/(G56+G57) -> 0.66267241 | H59: =+(H51+H52+H53+H54+H47)/(H56+H57) -> 0.71914477

Sheet Scenarios2
A2: Parametro | B2: Unidad | C2: Planta extractora
C3: Palmaceite Planta A | D3: Aceites Planta B | E3: Extrarsa Planta C | F3: Tequendama Planta D | G3: Gradesa Planta E | H3: Padelma Planta F
A4: Demanda energética
A5: Capacidad de procesamiento | B5: kg h | C5: =+Eficiencia!C13 -> 30000 | D5: =+Eficiencia!D13 -> 40000 | E5: =+Eficiencia!E13 -> 30000 | F5: =+Eficiencia!F13 -> 24000 | G5: 30000 | H5: =+Eficiencia!H13 -> 20000 | I5: =+MEDIAN(C5:H5) -> 30000
A6: Demanda tèrmica proceso LB | B6: kWhth h-1 | C6: =+Eficiencia!O23 -> 11627.406 | D6: =+Eficiencia!Q23 -> 14954.074 | E6: =+Eficiencia!S23 -> 12199.799 | F6: =+Eficiencia!U23 -> 9180.352 | G6: =+Eficiencia!W23 -> 10323.694 | H6: =+Eficiencia!Y23 -> 7436.5472 | I6: =SUM(C6:H6) -> 65721.871
A7: Consumo de electricidad en PB | B7: kWhe h-1 | C7: =+Datos_Base!S8 -> 485.04367 | D7: =+Datos_Base!T8 -> 904.80459 | E7: =+Datos_Base!U8 -> 412.667 | F7: =+Datos_Base!V8 -> 790 | G7: =+Datos_Base!W8 -> 419.39799 | H7: =+Datos_Base!X8 -> 555.9049 | I7: =SUM(C7:H7) -> 3567.8182
A8: Agua proceso | B8: kg h-1 | C8: =+Eficiencia!C138 -> 13842 | D8: =+Eficiencia!D138 -> 19048 | E8: =+Eficiencia!E138 -> 24720 | F8: =+Eficiencia!F138 -> 9878.4 | G8: =+Eficiencia!G138 -> 16020 | H8: =+Eficiencia!H138 -> 9720 | I8: =+MEDIAN(C8:H8) -> 14931
C9: =+C8/(C5/1000) -> 461.4 | D9: =+D8/(D5/1000) -> 476.2 | E9: =+E8/(E5/1000) -> 824 | F9: =+F8/(F5/1000) -> 411.6 | G9: =+G8/(G5/1000) -> 534 | H9: =+H8/(H5/1000) -> 486 | I9: =+MEDIAN(C9:H9) -> 481.1
A10: Consumo electricidad esterilizaciòn convencional | B10: kWhe h-1 | C10: =+Eficiencia!N7*Eficiencia!O1 -> 2.4 | D10: =+Eficiencia!P7*Eficiencia!Q1 -> 4.8 | E10: =+Eficiencia!R7*Eficiencia!S1 -> 12.3 | F10: =+Eficiencia!T7*Eficiencia!U1 -> 5.3868857 | G10: =+Eficiencia!V7*Eficiencia!W1 -> 9 | H10: =+Eficiencia!X7*Eficiencia!Y1 -> 3.8592161 | I10: =SUM(C10:H10) -> 37.746102
A11: Consumo vapor esterilizaciòn convencional | B11: kWhth h-1 | C11: =+Eficiencia!O7 -> 4866.7361 | D11: =+Eficiencia!Q7 -> 6156.9444 | E11: =+Eficiencia!S7 -> 4588.25 | F11: =+Eficiencia!U7 -> 3681.7533 | G11: =+Eficiencia!W7 -> 4559.85 | H11: =+Eficiencia!Y7 -> 3101.3889 | I11: =SUM(C11:H11) -> 26954.923
A12: Consumo electricidad esterilizaciòn convencional | B12: kWhe h-1 | C12: =2*C5/1000 -> 60 | D12: =2*D5/1000 -> 80 | E12: =2*E5/1000 -> 60 | F12: =2*F5/1000 -> 48 | G12: =2*G5/1000 -> 60 | H12: =2*H5/1000 -> 40 | I12: =SUM(C12:H12) -> 348
A13: Consumo vapor esterilizaciòn convencional | B13: kWhth h-1 | C13: =315*C5/1000*2750/3600 -> 7218.75 | D13: =315*D5/1000*2750/3600 -> 9625 | E13: =315*E5/1000*2750/3600 -> 7218.75 | F13: =315*F5/1000*2750/3600 -> 5775 | G13: =315*G5/1000*2750/3600 -> 7218.75 | H13: =315*H5/1000*2750/3600 -> 4812.5 | I13: =SUM(C13:H13) -> 41868.75
I14: =SUM(C14:H14) -> 0
A15: Demanda tèrmica proceso | B15: kWhth h-1 | C15: =+C6-C11+C13+C37 -> 15732.057 | D15: =+D6-D11+D13+D37 -> 20585.879 | E15: =+E6-E11+E13+E37 -> 16481.961 | F15: =+F6-F11+F13+F37 -> 12346.819 | G15: =+G6-G11+G13+G37 -> 14738.116 | H15: =+H6-H11+H13+H37 -> 10174.237 | I15: =+MEDIAN(C15:H15) -> 15235.087
A16: Demanda elèctrica proceso | B16: kWhe h-1 | C16: =+C7-C10+C12 -> 542.64367 | D16: =+D7-D10+D12 -> 980.00459 | E16: =+E7-E10+E12 -> 460.367 | F16: =+F7-F10+F12 -> 832.61311 | G16: =+G7-G10+G12 -> 470.39799 | H16: =+H7-H10+H12 -> 592.04569 | I16: =SUM(C16:H16) -> 3878.0721
I17: =SUM(C17:H17) -> 0
A18: Biomasa usada como combustible | I18: =SUM(C18:H18) -> 0
A19: Cuesco | B19: kg h-1 | C19: =+Eficiencia!C127 -> 1800 | D19: =+Eficiencia!D127 -> 1648.1086 | E19: =+Eficiencia!E127 -> 1350 | F19: =+Eficiencia!F127 -> 1368.0859 | G19: =+Eficiencia!G127 -> 1094.3756 | H19: =+Eficiencia!H127 -> 1399.7929 | I19: =SUM(C19:H19) -> 8660.363
A20: Fibra | B20: kg h-1 | C20: =+Eficiencia!C52 -> 3690 | D20: =+Eficiencia!D52 -> 5000 | E20: =+Eficiencia!E52 -> 3810 | F20: =+Eficiencia!F52 -> 2976 | G20: =+Eficiencia!G52 -> 3930 | H20: =+Eficiencia!H52 -> 2540 | I20: =SUM(C20:H20) -> 21946 | L20: =8391/30 -> 279.7
I21: =SUM(C21:H21) -> 0
A22: Potencial energètico cuesco | B22: kWhth h-1 | C22: =+C19*Biomass!$G$15/3600 -> 8120.3015 | D22: =+D19*Biomass!$G$15/3600 -> 7435.0772 | E22: =+E19*Biomass!$G$15/3600 -> 6090.2261 | F22: =+F19*Biomass!$G$15/3600 -> 6171.8166 | G22: =+G19*Biomass!$G$15/3600 -> 4937.0332 | H22: =+H19*Biomass!$G$15/3600 -> 6314.8556 | I22: =SUM(C22:H22) -> 39069.31
A23: Potencial energètico Fibra | B23: kWhth h-1 | C23: =+C20*Biomass!$E$15/3600 -> 12809.004 | D23: =+D20*Biomass!$E$15/3600 -> 17356.375 | E23: =+E20*Biomass!$E$15/3600 -> 13225.557 | F23: =+F20*Biomass!$E$15/3600 -> 10330.514 | G23: =+G20*Biomass!$E$15/3600 -> 13642.11 | H23: =+H20*Biomass!$E$15/3600 -> 8817.0383 | I23: =SUM(C23:H23) -> 76180.599
C24: =+C22+C23 -> 20929.306 | D24: =+D22+D23 -> 24791.452 | E24: =+E22+E23 -> 19315.784 | F24: =+F22+F23 -> 16502.331 | G24: =+G22+G23 -> 18579.144 | H24: =+H22+H23 -> 15131.894 | I24: =+MEDIAN(C24:H24) -> 18947.464 | J24: =+I24/30 -> 631.58212
C25: =+C24-C26 -> 3139.3959 | I25: =+MEDIAN(C25:H25) -> 3139.3959
A26: Energìa vapor | B26: kWhth h-1 | C26: =+(C22+C23)*0.85 -> 17789.91 | D26: =+(D22+D23)*0.85 -> 21072.734 | E26: =+(E22+E23)*0.85 -> 16418.416 | F26: =+(F22+F23)*0.85 -> 14026.981 | G26: =+(G22+G23)*0.85 -> 15792.272 | H26: =+(H22+H23)*0.85 -> 12862.11 | I26: =+MEDIAN(C26:H26) -> 16105.344 | J26: =+I26/30 -> 536.8448
A27: Masa vapor | B27: kg h-1 | C27: =+C26*3600/(2990-604) -> 26841.44 | D27: =+D26*3600/(2894.4-604) -> 33121.657 | E27: =+E26*3600/(2894.4-604) -> 25806.103 | F27: =+F26*3600/(2894.4-604) -> 22047.298 | G27: =+G26*3600/(2894.4-604) -> 24821.944 | H27: =+H26*3600/(2894.4-604) -> 20216.379 | I27: =+MEDIAN(C27:H27) -> 25314.023 | K27: =+I27/30 -> 843.80077
A28: Masa vapor proceso | B28: kg h-1 | C28: =+C15*3600/2885 -> 19630.99 | D28: =+D15*3600/2885 -> 25687.752 | E28: =+E15*3600/2885 -> 20566.745 | F28: =+F15*3600/2885 -> 15406.776 | G28: =+G15*3600/2885 -> 18390.717 | H28: =+H15*3600/2885 -> 12695.756 | I28: =+MEDIAN(C28:H28) -> 19010.853 | L28: =16200/30 -> 540
C29: =+C27-C28 -> 7210.4504 | D29: =+D27-D28 -> 7433.9045 | E29: =+E27-E28 -> 5239.3573 | F29: =+F27-F28 -> 6640.5228 | G29: =+G27-G28 -> 6431.2267 | H29: =+H27-H28 -> 7520.6238 | I29: =+MEDIAN(C29:H29) -> 6925.4866
A30: W gross turbina | B30: kWhe h-1 | C30: =(((C27)*(2990-2778))*0.95*0.92)/3600 -> 1381.4991 | D30: =(((D27)*(2990-2778))*0.95*0.92)/3600 -> 1704.7349 | E30: =(((E27)*(2990-2778))*0.95*0.92)/3600 -> 1328.2114 | F30: =(((F27)*(2990-2778))*0.95*0.92)/3600 -> 1134.7499 | G30: =(((G27)*(2990-2778))*0.95*0.92)/3600 -> 1277.5579 | H30: =(((H27)*(2990-2778))*0.95*0.92)/3600 -> 1040.5146 | I30: =SUM(C30:H30) -> 7867.2678 | J30: =+I30+I48 -> 35202.956
A31: W neto turbina | B31: kWhe h-1 | C31: =+C30-C16-(0.08*C30) -> 728.3355 | D31: =+D30-D16-(0.08*D30) -> 588.35149 | E31: =+E30-E16-(0.08*E30) -> 761.58752 | F31: =+F30-F16-(0.08*F30) -> 211.35684 | G31: =+G30-G16-(0.08*G30) -> 704.95524 | H31: =+H30-H16-(0.08*H30) -> 365.22773 | I31: =SUM(C31:H31) -> 3359.8143 | J31: =+I48/J30 -> 0.77651684
C32: =+C30-C31-C36 -> 645.8736 | D32: =+D30-D31-D36 -> 1107.3834 | E32: =+E30-E31-E36 -> 559.75391 | F32: =+F30-F31-F36 -> 918.92911 | G32: =+G30-G31-G36 -> 565.30062 | H32: =+H30-H31-H36 -> 671.01686 | I32: =SUM(C32:H32) -> 4468.2575
A33: Digestiòn anerobica | I33: =SUM(C33:H33) -> 0
A34: Raquis | B34: kg h-1 | C34: =+Eficiencia!C36 -> 7290 | D34: =+Eficiencia!D36 -> 9000 | E34: =+Eficiencia!E36 -> 6870 | F34: =+Eficiencia!F36 -> 4464 | G34: =+Eficiencia!G36 -> 7302 | H34: =+Eficiencia!H36 -> 4270 | I34: =SUM(C34:H34) -> 39196
C35: =+C34/C5*1000 -> 243 | D35: =+D34/D5*1000 -> 225 | E35: =+E34/E5*1000 -> 229 | F35: =+F34/F5*1000 -> 186 | G35: =+G34/G5*1000 -> 243.4 | H35: =+H34/H5*1000 -> 213.5 | I35: =+MEDIAN(C35:H35) -> 227
A36: Demanda electrica pretratamiento | B36: kWhe h-1 | C36: =1*C34/1000 -> 7.29 | D36: =1*D34/1000 -> 9 | E36: =1*E34/1000 -> 6.87 | F36: =1*F34/1000 -> 4.464 | G36: =1*G34/1000 -> 7.302 | H36: =1*H34/1000 -> 4.27 | I36: =+MEDIAN(C36:H36) -> 7.08 | J36: =+I36/30 -> 0.236
A37: Demanda tèrmica pretratamiento | B37: kWhth h-1 | C37: =300*C34/1000*2885/3600 -> 1752.6375 | D37: =300*D34/1000*2885/3600 -> 2163.75 | E37: =300*E34/1000*2885/3600 -> 1651.6625 | F37: =300*F34/1000*2885/3600 -> 1073.22 | G37: =300*G34/1000*2885/3600 -> 1755.5225 | H37: =300*H34/1000*2885/3600 -> 1026.5792 | I37: =+MEDIAN(C37:H37) -> 1702.15 | J37: =+I37/30 -> 56.738333
C38: =300*C34/1000 -> 2187 | D38: =300*D34/1000 -> 2700 | E38: =300*E34/1000 -> 2061 | F38: =300*F34/1000 -> 1339.2 | G38: =300*G34/1000 -> 2190.6 | H38: =300*H34/1000 -> 1281 | I38: =SUM(C38:H38) -> 11758.8
A39: Agua escenario | C39: =+C27+C8-C28-C38 -> 18865.45 | D39: =+D27+D8-D28-D38 -> 23781.905 | E39: =+E27+E8-E28-E38 -> 27898.357 | F39: =+F27+F8-F28-F38 -> 15179.723 | G39: =+G27+G8-G28-G38 -> 20260.627 | H39: =+H27+H8-H28-H38 -> 15959.624 | I39: =SUM(C39:H39) -> 121945.69
C40: =+C39/C5 -> 0.62884835
A41: Potencial metano Tusa | B41: m3 h-1 | C41: =+C34*0.4*0.8*273.51/1000 -> 638.04413 | D41: =+D34*0.4*0.8*273.51/1000 -> 787.7088 | E41: =+E34*0.4*0.8*273.51/1000 -> 601.28438 | F41: =+F34*0.4*0.8*273.51/1000 -> 390.70356 | G41: =+G34*0.4*0.8*273.51/1000 -> 639.09441 | H41: =+H34*0.4*0.8*273.51/1000 -> 373.72406 | I41: =SUM(C41:H41) -> 3430.5593
I42: =SUM(C42:H42) -> 0
A43: Efluente | B43: L h-1 | C43: =+Eficiencia!C149 -> 18000 | D43: =+Eficiencia!D149 -> 24000 | E43: =+Eficiencia!E149 -> 18000 | F43: =+Eficiencia!F149 -> 14400 | G43: =+Eficiencia!G149 -> 18000 | H43: =+Eficiencia!H149 -> 12000 | I43: =SUM(C43:H43) -> 104400
A44: DQO entrada | B44: mg L-1 | C44: 74496 | D44: 97777 | E44: 91573 | F44: 122973 | G44: 97338 | H44: 94964 | I44: =SUM(C44:H44) -> 579121
A45: Potencial de generaciòn de metano | B45: m3 h-1 | C45: =+((C44-1500)*C43/1000000*0.35)+C41 -> 1097.9189 | D45: =+((D44-1500)*D43/1000000*0.35)+D41 -> 1596.4356 | E45: =+((E44-1500)*E43/1000000*0.35)+E41 -> 1168.7443 | F45: =+((F44-1500)*F43/1000000*0.35)+F41 -> 1002.9275 | G45: =+((G44-1500)*G43/1000000*0.35)+G41 -> 1242.8738 | H45: =+((H44-1500)*H43/1000000*0.35)+H41 -> 766.27286 | I45: =SUM(C45:H45) -> 6875.173
A46: Potencial energètico metano | B46: kWhth | C46: =9.94*C45 -> 10913.314 | D46: =9.94*D45 -> 15868.57 | E46: =9.94*E45 -> 11617.318 | F46: =9.94*F45 -> 9969.0992 | G46: =9.94*G45 -> 12354.166 | H46: =9.94*H45 -> 7616.7523 | I46: =SUM(C46:H46) -> 68339.219 | N46: =15200/30 -> 506.66667
I47: =SUM(C47:H47) -> 0
A48: W gross generador | B48: kWhe h-1 | C48: =+C46*0.4 -> 4365.3257 | D48: =+D46*0.4 -> 6347.4279 | E48: =+E46*0.4 -> 4646.9273 | F48: =+F46*0.4 -> 3987.6397 | G48: =+G46*0.4 -> 4941.6663 | H48: =+H46*0.4 -> 3046.7009 | I48: =SUM(C48:H48) -> 27335.688
A49: W neto generador | B49: kWhe h-1 | C49: =+C48*0.7 -> 3055.728 | D49: =+D48*0.7 -> 4443.1996 | E49: =+E48*0.7 -> 3252.8491 | F49: =+F48*0.7 -> 2791.3478 | G49: =+G48*0.7 -> 3459.1664 | H49: =+H48*0.7 -> 2132.6906 | I49: =SUM(C49:H49) -> 19134.981
C50: =+C48-C49 -> 1309.5977 | D50: =+D48-D49 -> 1904.2284 | E50: =+E48-E49 -> 1394.0782 | F50: =+F48-F49 -> 1196.2919 | G50: =+G48-G49 -> 1482.4999 | H50: =+H48-H49 -> 914.01027 | I50: =SUM(C50:H50) -> 8200.7063 | L50: =0.12/0.88 -> 0.13636364
A51: Excedentes electricidad EA2 | B51: kWhe h-1 | C51: =+C49+C31 -> 3784.0635 | D51: =+D49+D31 -> 5031.5511 | E51: =+E49+E31 -> 4014.4366 | F51: =+F49+F31 -> 3002.7046 | G51: =+G49+G31 -> 4164.1216 | H51: =+H49+H31 -> 2497.9184 | I51: =SUM(C51:H51) -> 22494.796 | M51: =0.88/0.12 -> 7.3333333
C52: =+C51/(C5/1000) -> 126.13545 | D52: =+D51/(D5/1000) -> 125.78878 | E52: =+E51/(E5/1000) -> 133.81455 | F52: =+F51/(F5/1000) -> 125.11269 | G52: =+G51/(G5/1000) -> 138.80405 | H52: =+H51/(H5/1000) -> 124.89592 | I52: =SUM(C52:H52) -> 774.55144
C53: =+Scenarios1!C49 -> 20.135364 | D53: =+Scenarios1!D49 -> 26.178779 | E53: =+Scenarios1!E49 -> 15.433188 | F53: =+Scenarios1!F49 -> 28.401077 | G53: =+Scenarios1!G49 -> 24.16832 | H53: =+Scenarios1!H49 -> 18.2
C54: =+C52/C53 -> 6.2643739 | D54: =+D52/D53 -> 4.8049902 | E54: =+E52/E53 -> 8.6705711 | F54: =+F52/F53 -> 4.4052095 | G54: =+G52/G53 -> 5.7432232 | H54: =+H52/H53 -> 6.8624131
A55: Tusa | B55: =+B34 -> kg h-1 | C55: =+C34 -> 7290 | D55: =+D34 -> 9000 | E55: =+E34 -> 6870 | F55: =+F34 -> 4464 | G55: =+G34 -> 7302 | H55: =+H34 -> 4270
A56: Humedad tusa | C56: 0.5 | D56: 0.5 | E56: 0.6 | F56: 0.5 | G56: 0.5 | H56: 0.6
A57: Efluentes | C57: =+(C43*0.987) -> 17766 | D57: =+(D43*0.987) -> 23688 | E57: =+(E43*0.987) -> 17766 | F57: =+(F43*0.987) -> 14212.8 | G57: =+(G43*0.987) -> 17766 | H57: =+(H43*0.987) -> 11844 | L57: =0.88/0.12 -> 7.3333333
A58: Agua | C58: =(+C56*C55)+(0.95*C57) -> 20522.7 | D58: =(+D56*D55)+(0.95*D57) -> 27003.6 | E58: =(+E56*E55)+(0.95*E57) -> 20999.7 | F58: =(+F56*F55)+(0.95*F57) -> 15734.16 | G58: =(+G56*G55)+(0.95*G57) -> 20528.7 | H58: =(+H56*H55)+(0.95*H57) -> 13813.8 | L58: =-L57+0.021 -> -7.3123333
A59: Solido | C59: =+(1-C56)*C55+(0.05*C57) -> 4533.3 | D59: =+(1-D56)*D55+(0.05*D57) -> 5684.4 | E59: =+(1-E56)*E55+(0.05*E57) -> 3636.3 | F59: =+(1-F56)*F55+(0.05*F57) -> 2942.64 | G59: =+(1-G56)*G55+(0.05*G57) -> 4539.3 | H59: =+(1-H56)*H55+(0.05*H57) -> 2300.2
A60: Masa co-digestada | B60: kg | C60: =+C55+C57 -> 25056 | D60: =+D55+D57 -> 32688 | E60: =+E55+E57 -> 24636 | F60: =+F55+F57 -> 18676.8 | G60: =+G55+G57 -> 25068 | H60: =+H55+H57 -> 16114 | I60: =+MEDIAN(C60:H60) -> 24846 | L60: =+I60/30 -> 828.2 | M60: =+L60*0.95 -> 786.79
A61: Lodos | B61: kg | C61: =+C60-C62 -> 5097.3008 | D61: =+D60-D62 -> 6388.1384 | E61: =+E60-E62 -> 4076.2871 | F61: =+F60-F62 -> 3302.1416 | G61: =+G60-G62 -> 5104.1052 | H61: =+H60-H62 -> 2577.0706 | I61: =SUM(C61:H61) -> 26545.044 | M61: =0.5*219 -> 109.5
A62: Efluentes | B62: kg | C62: =((7.33*C58)-C59)/7.31 -> 19958.699 | D62: =((7.33*D58)-D59)/7.31 -> 26299.862 | E62: =((7.33*E58)-E59)/7.31 -> 20559.713 | F62: =((7.33*F58)-F59)/7.31 -> 15374.658 | G62: =((7.33*G58)-G59)/7.31 -> 19963.895 | H62: =((7.33*H58)-H59)/7.31 -> 13536.929 | I62: =SUM(C62:H62) -> 115693.76
A63: =Eficiencia!A184 -> Q ACP | B63: kWhth h-1 | C63: =Eficiencia!C184 -> 810.30363 | D63: =Eficiencia!D184 -> 1111.2727 | E63: =Eficiencia!E184 -> 805.72834 | F63: =Eficiencia!F184 -> 602.9946 | G63: =Eficiencia!G184 -> 661.87934 | H63: =Eficiencia!H184 -> 538.4497 | I63: =SUM(C63:H63) -> 4530.6283 | L63: =26.6+109.5 -> 136.1
A64: =Eficiencia!A185 -> Q Palmiste | B64: kWhth h-1 | C64: =Eficiencia!C185 -> 262.50963 | D64: =Eficiencia!D185 -> 350.38553 | E64: =Eficiencia!E185 -> 234.9673 | F64: =Eficiencia!F185 -> 178.05374 | G64: =Eficiencia!G185 -> 156.31527 | H64: =Eficiencia!H185 -> 197.85691 | I64: =SUM(C64:H64) -> 1380.0884 | L64: =506.3+109.5 -> 615.8
A65: =Eficiencia!A186 -> Q APL | B65: kWhth h-1 | C65: =Eficiencia!C186 -> 0 | D65: =Eficiencia!D186 -> 202.03332 | E65: =Eficiencia!E186 -> 129.1813 | F65: =Eficiencia!F186 -> 97.891131 | G65: =Eficiencia!G186 -> 92.227933 | H65: =Eficiencia!H186 -> 103.47233 | I65: =SUM(C65:H65) -> 624.80602
A66: =Eficiencia!A187 -> Q torta palmiste | B66: kWhth h-1 | C66: =Eficiencia!C187 -> 0 | D66: =Eficiencia!D187 -> 177.4252 | E66: =Eficiencia!E187 -> 123.15547 | F66: =Eficiencia!F187 -> 93.324867 | G66: =Eficiencia!G187 -> 77.764917 | H66: =Eficiencia!H187 -> 107.21988 | I66: =SUM(C66:H66) -> 578.89033
I67: =SUM(C67:H67) -> 0
A68: Q Agua | C68: =+(((C27-C28)*0.1)+C8)*4.18*303/3600 -> 5123.522 | D68: =+(((D27-D28)*0.1)+D8)*4.18*303/3600 -> 6962.941 | E68: =+(((E27-E28)*0.1)+E8)*4.18*303/3600 -> 8881.2373 | F68: =+(((F27-F28)*0.1)+F8)*4.18*303/3600 -> 3709.0104 | G68: =+(((G27-G28)*0.1)+G8)*4.18*303/3600 -> 5862.3643 | H68: =+(((H27-H28)*0.1)+H8)*4.18*303/3600 -> 3684.2461 | I68: =SUM(C68:H68) -> 34223.321
A69: Q RFF | C69: =+C5*2.02*303/3600 -> 5100.5 | D69: =+D5*2.02*303/3600 -> 6800.6667 | E69: =+E5*2.02*303/3600 -> 5100.5 | F69: =+F5*2.02*303/3600 -> 4080.4 | G69: =+G5*2.02*303/3600 -> 5100.5 | H69: =+H5*2.02*303/3600 -> 3400.3333 | I69: =SUM(C69:H69) -> 29582.9
I70: =SUM(C70:H70) -> 0
A71: Eficiencia global del sistema | C71: =+(C63+C64+C65+C66+C51)/(C68+C69) -> 0.47504561 | D71: =+(D63+D64+D65+D66+D51)/(D68+D69) -> 0.49933622 | E71: =+(E63+E64+E65+E66+E51)/(E68+E69) -> 0.37960011 | F71: =+(F63+F64+F65+F66+F51)/(F68+F69) -> 0.51030421 | G71: =+(G63+G64+G65+G66+G51)/(G68+G69) -> 0.46997837 | H71: =+(H63+H64+H65+H66+H51)/(H68+H69) -> 0.48625571 | I71: =SUM(C71:H71) -> 2.8205202
C72: =+C71-Eficiencia!C199 -> 0.2613826 | D72: =+D71-Eficiencia!D199 -> 0.34411535 | E72: =+E71-Eficiencia!E199 -> 0.20619888 | F72: =+F71-Eficiencia!F199 -> 0.34840169 | G72: =+G71-Eficiencia!G199 -> 0.32206784 | H72: =+H71-Eficiencia!H199 -> 0.29597624

Sheet EmisionesCO2
Q2: Diesel
A3: Zona | B3: Palm Oil Mill | C3: Operation hours (h) | D3: CPO | E3: Production (t/RFF) | F3: CPO (t/h) | G3: Cogen (kW) | H3: Biogas (kW) | I3: National Grid (kW) | J3: Diesel (kW) | K3: Power Demand (kW) | L3: Electricity consumption (kWh/y) | M3: Cogen (MWh/y) | N3: Biogas (MWh/y) | O3: Grid | P3: Diesel | Q3: Diesel (kWh) | R3: Diesel (TJ) | S3: CO2 | T3: CH4 | U3: N2O | V3: gCO2/kWh | W3: Cogen | X3: CO2 | Y3: CH4 | Z3: N2O | AB3: kgCO2/kWh | AC3: Biogas (TJ) | AD3: CO2 | AE3: CH4 | AF3: N2O | AH3: gCO2/kWh | AI3: SIN | AJ3: COGEN | AK3: Biogás | AL3: diesel | AM3: Emisiones especificas
A4: Planta A | B4: 1 | C4: 5105 | D4: 31719 | E4: 153157 | F4: =+D4/C4 -> 6.2133203 | G4: 0.79127913 | H4: 0 | I4: 0.19771977 | J4: 0.0110011 | K4: =+Eficiencia!C226 -> 604.06092 | L4: =+Eficiencia!C220 -> 3083731 | M4: =+G4*L4 -> 2440092 | N4: =+L4*H4 -> 0 | O4: =+I4*L4 -> 609714.59 | P4: =+J4*L4 -> 33924.433 | Q4: =+Eficiencia!C230 -> 128028.89 | R4: =+Q4/277777.7 -> 0.46090414 | S4: =+R4*74100 -> 34152.997 | T4: =10*R4*24 -> 110.61699 | U4: =0.6*R4*310 -> 85.72817 | V4: =+(S4+T4+U4)/P4*1000 -> 1012.5251 | W4: =+Eficiencia!C237/277777.7 -> 233.24354 | X4: =+W4*100000 -> 23324354 | Y4: =+W4*300*25 -> 1749326.6 | Z4: =+W4*4*310 -> 289221.99 | AA4: =+Y4+Z4+X4 -> 25362903 | AB4: =+AA4/M4*1000 -> 10394.24 | AI4: =164.38*L4*I4 -> 1.0022488e+08 | AJ4: =+AA4 -> 25362903 | AL4: =+(S4+T4+U4) -> 34349.342 | AM4: =+SUM(AI4:AL4)/L4 -> 40.73706
A5: Planta B | B5: 2 | C5: 5155 | D5: 42376 | E5: 206207 | F5: =+D5/C5 -> 8.2203686 | G5: 0 | H5: 0 | I5: 0.95 | J5: 0.05 | K5: =+Eficiencia!D226 -> 1047.1512 | L5: =+Eficiencia!D220 -> 5398064.2 | M5: =+G5*L5 -> 0 | N5: =+L5*H5 -> 0 | O5: =+I5*L5 -> 5128161 | P5: =+J5*L5 -> 269903.21 | Q5: =+Eficiencia!D230 -> 982552.81 | R5: =+Q5/277777.7 -> 3.5371911 | S5: =+R5*74100 -> 262105.86 | T5: =10*R5*24 -> 848.92586 | U5: =0.6*R5*310 -> 657.91754 | V5: =+(S5+T5+U5)/P5*1000 -> 976.69347 | AI5: =164.38*L5*I5 -> 8.429671e+08 | AL5: =+(S5+T5+U5) -> 263612.7 | AM5: =+SUM(AI5:AL5)/L5 -> 156.20983
A6: Planta C | B6: 3 | C6: 5920 | D6: 34950 | E6: 177589 | F6: =+D6/C6 -> 5.9037162 | G6: 0 | H6: 0 | I6: 0.864 | J6: 0.136 | K6: =+Eficiencia!E226 -> 462.99564 | L6: =+Eficiencia!E220 -> 2740934.2 | M6: =+G6*L6 -> 0 | N6: =+L6*H6 -> 0 | O6: =+I6*L6 -> 2368167.1 | P6: =+J6*L6 -> 372767.05 | Q6: =+Eficiencia!E230 -> 1570816 | R6: =+Q6/277777.7 -> 5.6549393 | S6: =+R6*74100 -> 419031 | T6: =10*R6*24 -> 1357.1854 | U6: =0.6*R6*310 -> 1051.8187 | V6: =+(S6+T6+U6)/P6*1000 -> 1130.572 | AI6: =164.38*L6*I6 -> 3.8927931e+08 | AL6: =+(S6+T6+U6) -> 421440 | AM6: =+SUM(AI6:AL6)/L6 -> 142.17808
A7: Planta D | B7: 4 | C7: 5496 | D7: 26250 | E7: 131909 | F7: =+D7/C7 -> 4.7762009 | G7: 0 | H7: 0.7 | I7: 0.2 | J7: 0.1 | K7: =+Eficiencia!F226 -> 681.62584 | L7: =+Eficiencia!F220 -> 3746215.6 | M7: =+G7*L7 -> 0 | N7: =+L7*H7 -> 2622350.9 | O7: =+I7*L7 -> 749243.12 | P7: =+J7*L7 -> 374621.56 | Q7: =+Eficiencia!F230 -> 1132366.3 | R7: =+Q7/277777.7 -> 4.0765198 | S7: =+R7*74100 -> 302070.12 | T7: =10*R7*24 -> 978.36476 | U7: =0.6*R7*310 -> 758.23269 | V7: =+(S7+T7+U7)/P7*1000 -> 810.96966 | AC7: =+Eficiencia!F219/277777.7 -> 62.93644 | AD7: =+AC7*54600 -> 3436329.6 | AE7: =+AC7*5 -> 314.6822 | AF7: =+AC7*0.1 -> 6.293644 | AG7: =SUM(AE7:AF7) -> 320.97584 | AH7: =+AG7/N7*1000 -> 0.12240003 | AI7: =164.38*L7*I7 -> 1.2316058e+08 | AK7: =+AG7*1000 -> 320975.84 | AL7: =+(S7+T7+U7) -> 303806.72 | AM7: =+SUM(AI7:AL7)/L7 -> 33.042777
A8: Planta E | B8: 5 | C8: 3147 | D8: 15688 | E8: 75534 | F8: =+D8/C8 -> 4.9850651 | G8: 0 | H8: 0 | I8: 0.9159 | J8: 0.0841 | K8: =+Eficiencia!G226 -> 725.04959 | L8: =+Eficiencia!G220 -> 2281731.1 | M8: =+G8*L8 -> 0 | N8: =+L8*H8 -> 0 | O8: =+I8*L8 -> 2089837.5 | P8: =+J8*L8 -> 191893.58 | Q8: =+Eficiencia!G230 -> 620368.92 | R8: =+Q8/277777.7 -> 2.2333287 | S8: =+R8*74100 -> 165489.66 | T8: =10*R8*24 -> 535.9989 | U8: =0.6*R8*310 -> 415.39915 | V8: =+(S8+T8+U8)/P8*1000 -> 867.36125 | AI8: =164.38*L8*I8 -> 3.4352749e+08 | AL8: =+(S8+T8+U8) -> 166441.06 | AM8: =+SUM(AI8:AL8)/L8 -> 150.62859
A9: Planta F | B9: 6 | C9: 1931 | D9: 7454 | E9: 38620 | F9: =+D9/C9 -> 3.8601761 | G9: 0 | H9: 0 | I9: 0.82 | J9: 0.18 | K9: =+Eficiencia!H226 -> 364 | L9: =+Eficiencia!H220 -> 702884 | M9: =+G9*L9 -> 0 | N9: =+L9*H9 -> 0 | O9: =+I9*L9 -> 576364.88 | P9: =+J9*L9 -> 126519.12 | Q9: =+Eficiencia!H230 -> 490685.5 | R9: =+Q9/277777.7 -> 1.7664683 | S9: =+R9*74100 -> 130895.3 | T9: =10*R9*24 -> 423.95239 | U9: =0.6*R9*310 -> 328.5631 | V9: =+(S9+T9+U9)/P9*1000 -> 1040.5369 | AI9: =164.38*L9*I9 -> 94742859 | AL9: =+(S9+T9+U9) -> 131647.82 | AM9: =+SUM(AI9:AL9)/L9 -> 134.9789 | AN9: =+AVERAGE(AM4:AM9) -> 109.62921
L10: =SUM(L4:L9) -> 17953560 | N10: =+O10/L10 -> 0.64173836 | O10: =SUM(O4:O9) -> 11521488 | AI10: =SUM(AI4:AI9) -> 1.8939022e+09 | AJ10: =SUM(AJ4:AJ9) -> 25362903 | AK10: =SUM(AK4:AK9) -> 320975.84 | AL10: =SUM(AL4:AL9) -> 1321297.6 | AM10: =SUM(AI10:AL10) -> 1.9209074e+09
AM11: =+AI10/AM10 -> 0.98594145
A12: Zona | B12: Palm Oil Mill | C12: Operation hours (h) | D12: CPO | E12: Production (t/RFF) | F12: CPO (t/h) | G12: Cogen (kW) | H12: Biogas (kW) | I12: Energía biomasa (kWH hora-1 | J12: Energía Combustion (TJ) | K12: CO2 | L12: CH4 | M12: N2O | N12: Energía Biogas (kWh h-1) | O12: Energía Biogas (TJ) | P12: CO2 | Q12: CH4 | R12: N2O | S12: kg CO2 | T12: STOCK (kg CO2 t RFF) | U12: KgCO2 | V12: kWh e | W12: kWh CPO
A13: Planta A | B13: 1 | C13: 5105 | D13: 31719 | E13: 153157 | F13: =+D13/C13 -> 6.2133203 | G13: =+Scenarios1!C35 -> 6820.3304 | H13: =+Scenarios1!C44 -> 1828.4622 | I13: =+Scenarios1!C29 -> 35802.371 | J13: =+I13*C13/277777.7 -> 657.97616 | K13: =+J13*100000 -> 65797616 | L13: =300*J13*25 -> 4934821.2 | M13: =4*J13*310 -> 815890.44 | N13: =+Scenarios1!C42 -> 4571.1555 | O13: =+N13*C13/277777.7 -> 84.00872 | P13: =54600*O13 -> 4586876.1 | Q13: =+O13*5*25 -> 10501.09 | R13: =0.1*O13*310 -> 2604.2703 | S13: =+(K13+L13+M13)+(P13+Q13+R13)+U13 -> 55465988 | T13: -135.04 | U13: =+T13*E13 -> -20682321 | V13: =+(G13+H13)*C13 -> 44152086 | W13: =16600*D13*1000/3600 -> 1.4625983e+08 | X13: =+S13/(V13+W13) -> 0.29129472 | Y13: =+V13/(V13+W13) -> 0.23187669 | Z13: =+X13*Y13*1000 -> 67.544457
A14: Planta B | B14: 2 | C14: 5155 | D14: 42376 | E14: 206207 | F14: =+D14/C14 -> 8.2203686 | G14: =+Scenarios1!D35 -> 8202.6368 | H14: =+Scenarios1!D44 -> 3215.4978 | I14: =+Scenarios1!D29 -> 43153.26 | J14: =+I14*C14/277777.7 -> 800.83843 | K14: =+J14*100000 -> 80083843 | L14: =300*J14*25 -> 6006288.2 | M14: =4*J14*310 -> 993039.66 | N14: =+Scenarios1!D42 -> 8038.7444 | O14: =+N14*C14/277777.7 -> 149.18306 | P14: =54600*O14 -> 8145395.1 | Q14: =+O14*5*25 -> 18647.883 | R14: =0.1*O14*310 -> 4624.6749 | S14: =+(K14+L14+M14)+(P14+Q14+R14)+U14 -> 67405645 | T14: -135.04 | U14: =+T14*E14 -> -27846193 | V14: =+(G14+H14)*C14 -> 58860484 | W14: =16600*D14*1000/3600 -> 1.9540044e+08 | X14: =+S14/(V14+W14) -> 0.26510422 | Y14: =+V14/(V14+W14) -> 0.23149638 | Z14: =+X14*Y14*1000 -> 61.370667
A15: Planta C | B15: 3 | C15: 5920 | D15: 34950 | E15: 177589 | F15: =+D15/C15 -> 5.9037162 | G15: =+Scenarios1!E35 -> 6328.8989 | H15: =+Scenarios1!E44 -> 2256.2206 | I15: =+Scenarios1!E29 -> 33331.964 | J15: =+I15*C15/277777.7 -> 710.37102 | K15: =+J15*100000 -> 71037102 | L15: =300*J15*25 -> 5327782.6 | M15: =4*J15*310 -> 880860.06 | N15: =+Scenarios1!E42 -> 5640.5514 | O15: =+N15*C15/277777.7 -> 120.21147 | P15: =54600*O15 -> 6563546 | Q15: =+O15*5*25 -> 15026.433 | R15: =0.1*O15*310 -> 3726.5554 | S15: =+(K15+L15+M15)+(P15+Q15+R15)+U15 -> 59846425 | T15: -135.04 | U15: =+T15*E15 -> -23981619 | V15: =+(G15+H15)*C15 -> 50823907 | W15: =16600*D15*1000/3600 -> 1.6115833e+08 | X15: =+S15/(V15+W15) -> 0.28231811 | Y15: =+V15/(V15+W15) -> 0.2397555 | Z15: =+X15*Y15*1000 -> 67.687318
A16: Planta D | B16: 4 | C16: 5496 | D16: 26250 | E16: 131909 | F16: =+D16/C16 -> 4.7762009 | G16: =+Scenarios1!F35 -> 4864.0389 | H16: =+Scenarios1!F44 -> 2434.2023 | I16: =+Scenarios1!F29 -> 25609.788 | J16: =+I16*C16/277777.7 -> 506.70516 | K16: =+J16*100000 -> 50670516 | L16: =300*J16*25 -> 3800288.7 | M16: =4*J16*310 -> 628314.4 | N16: =+Scenarios1!F42 -> 6085.5058 | O16: =+N16*C16/277777.7 -> 120.40542 | P16: =54600*O16 -> 6574135.7 | Q16: =+O16*5*25 -> 15050.677 | R16: =0.1*O16*310 -> 3732.5679 | S16: =+(K16+L16+M16)+(P16+Q16+R16)+U16 -> 43879047 | T16: -135.04 | U16: =+T16*E16 -> -17812991 | V16: =+(G16+H16)*C16 -> 40111134 | W16: =16600*D16*1000/3600 -> 1.2104167e+08 | X16: =+S16/(V16+W16) -> 0.27228225 | Y16: =+V16/(V16+W16) -> 0.24890125 | Z16: =+X16*Y16*1000 -> 67.771392
A17: Planta E | B17: 5 | C17: 3147 | D17: 15688 | E17: 75534 | F17: =+D17/C17 -> 4.9850651 | G17: =+Scenarios1!G35 -> 6378.3074 | H17: =+Scenarios1!G44 -> 2400.6269 | I17: =+Scenarios1!G29 -> 33476.691 | J17: =+I17*C17/277777.7 -> 379.26423 | K17: =+J17*100000 -> 37926423 | L17: =300*J17*25 -> 2844481.8 | M17: =4*J17*310 -> 470287.65 | N17: =+Scenarios1!G42 -> 6001.5672 | O17: =+N17*C17/277777.7 -> 67.992975 | P17: =54600*O17 -> 3712416.4 | Q17: =+O17*5*25 -> 8499.1218 | R17: =0.1*O17*310 -> 2107.7822 | S17: =+(K17+L17+M17)+(P17+Q17+R17)+U17 -> 34764105 | T17: -135.04 | U17: =+T17*E17 -> -10200111 | V17: =+(G17+H17)*C17 -> 27627306 | W17: =16600*D17*1000/3600 -> 72339111 | X17: =+S17/(V17+W17) -> 0.34775783 | Y17: =+V17/(V17+W17) -> 0.27636587 | Z17: =+X17*Y17*1000 -> 96.108398
A18: Planta F | B18: 6 | C18: 1931 | D18: 7454 | E18: 38620 | F18: =+D18/C18 -> 3.8601761 | G18: =+Scenarios1!H35 -> 4544.0439 | H18: =+Scenarios1!H44 -> 1560.774 | I18: =+Scenarios1!H29 -> 23843.552 | J18: =+I18*C18/277777.7 -> 165.75088 | K18: =+J18*100000 -> 16575088 | L18: =300*J18*25 -> 1243131.6 | M18: =4*J18*310 -> 205531.09 | N18: =+Scenarios1!H42 -> 3901.9351 | O18: =+N18*C18/277777.7 -> 27.124699 | P18: =54600*O18 -> 1481008.6 | Q18: =+O18*5*25 -> 3390.5874 | R18: =0.1*O18*310 -> 840.86568 | S18: =+(K18+L18+M18)+(P18+Q18+R18)+U18 -> 14293746 | T18: -135.04 | U18: =+T18*E18 -> -5215244.8 | V18: =+(G18+H18)*C18 -> 11788403 | W18: =16600*D18*1000/3600 -> 34371222 | X18: =+S18/(V18+W18) -> 0.30965906 | Y18: =+V18/(V18+W18) -> 0.25538343 | Z18: =+X18*Y18*1000 -> 79.081792
Z19: =+AVERAGE(Z13:Z18) -> 73.260671 | AA19: =+(AN9-Z19)/AN9 -> 0.3317413
K20: =+K13+P13+U13 -> 49702171 | L20: =+K20/V13 -> 1.1257038
A21: Zona | B21: Palm Oil Mill | C21: Operation hours (h) | D21: CPO | E21: Production (t/RFF) | F21: CPO (t/h) | G21: Cogen (kW) | H21: Biogas (kW) | I21: Energía biomasa (kWH hora-1 | J21: Energía Combustion (TJ) | K21: CO2 | L21: CH4 | M21: N2O | N21: Energía Biogas (kWh h-1) | O21: Energía Biogas (TJ) | P21: CO2 | Q21: CH4 | R21: N2O | S21: kg CO2 | T21: STOCK (kg CO2 t RFF) | U21: KgCO2 | V21: kWh e | W21: kWh CPO
A22: Planta A | B22: 1 | C22: 5105 | D22: 31719 | E22: 153157 | F22: =+D22/C22 -> 6.2133203 | G22: =+Scenarios2!C30 -> 1381.4991 | H22: =+Scenarios2!C48 -> 4365.3257 | I22: =+Scenarios2!C24 -> 20929.306 | J22: =+I22*C22/277777.7 -> 384.63889 | K22: =+J22*100000 -> 38463889 | L22: =300*J22*25 -> 2884791.7 | M22: =4*J22*310 -> 476952.23 | N22: =+Scenarios2!C46 -> 10913.314 | O22: =+N22*C22/277777.7 -> 200.56494 | P22: =54600*O22 -> 10950846 | Q22: =+O22*5*25 -> 25070.618 | R22: =0.1*O22*310 -> 6217.5132 | S22: =+(K22+L22+M22)+(P22+Q22+R22)+U22 -> 32125446 | T22: -135.04 | U22: =+T22*E22 -> -20682321 | V22: =+(G22+H22)*C22 -> 29337540 | W22: =16600*D22*1000/3600 -> 1.4625983e+08 | X22: =+S22/(V22+W22) -> 0.18294947 | Y22: =+V22/(V22+W22) -> 0.16707277 | Z22: =+X22*Y22*1000 -> 30.565875
A23: Planta B | B23: 2 | C23: 5155 | D23: 42376 | E23: 206207 | F23: =+D23/C23 -> 8.2203686 | G23: =+Scenarios2!D30 -> 1704.7349 | H23: =+Scenarios2!D48 -> 6347.4279 | I23: =+Scenarios2!D24 -> 24791.452 | J23: =+I23*C23/277777.7 -> 460.07989 | K23: =+J23*100000 -> 46007989 | L23: =300*J23*25 -> 3450599.2 | M23: =4*J23*310 -> 570499.07 | N23: =+Scenarios2!D46 -> 15868.57 | O23: =+N23*C23/277777.7 -> 294.489 | P23: =54600*O23 -> 16079100 | Q23: =+O23*5*25 -> 36811.125 | R23: =0.1*O23*310 -> 9129.1591 | S23: =+(K23+L23+M23)+(P23+Q23+R23)+U23 -> 38307934 | T23: -135.04 | U23: =+T23*E23 -> -27846193 | V23: =+(G23+H23)*C23 -> 41508899 | W23: =16600*D23*1000/3600 -> 1.9540044e+08 | X23: =+S23/(V23+W23) -> 0.1616987 | Y23: =+V23/(V23+W23) -> 0.17521006 | Z23: =+X23*Y23*1000 -> 28.331239
A24: Planta C | B24: 3 | C24: 5920 | D24: 34950 | E24: 177589 | F24: =+D24/C24 -> 5.9037162 | G24: =+Scenarios2!E30 -> 1328.2114 | H24: =+Scenarios2!E48 -> 4646.9273 | I24: =+Scenarios2!E24 -> 19315.784 | J24: =+I24*C24/277777.7 -> 411.6581 | K24: =+J24*100000 -> 41165810 | L24: =300*J24*25 -> 3087435.7 | M24: =4*J24*310 -> 510456.04 | N24: =+Scenarios2!E46 -> 11617.318 | O24: =+N24*C24/277777.7 -> 247.58835 | P24: =54600*O24 -> 13518324 | Q24: =+O24*5*25 -> 30948.544 | R24: =0.1*O24*310 -> 7675.239 | S24: =+(K24+L24+M24)+(P24+Q24+R24)+U24 -> 34339031 | T24: -135.04 | U24: =+T24*E24 -> -23981619 | V24: =+(G24+H24)*C24 -> 35372821 | W24: =16600*D24*1000/3600 -> 1.6115833e+08 | X24: =+S24/(V24+W24) -> 0.17472563 | Y24: =+V24/(V24+W24) -> 0.17998582 | Z24: =+X24*Y24*1000 -> 31.448137
A25: Planta D | B25: 4 | C25: 5496 | D25: 26250 | E25: 131909 | F25: =+D25/C25 -> 4.7762009 | G25: =+Scenarios2!F30 -> 1134.7499 | H25: =+Scenarios2!F48 -> 3987.6397 | I25: =+Scenarios2!F24 -> 16502.331 | J25: =+I25*C25/277777.7 -> 326.50861 | K25: =+J25*100000 -> 32650861 | L25: =300*J25*25 -> 2448814.5 | M25: =4*J25*310 -> 404870.67 | N25: =+Scenarios2!F46 -> 9969.0992 | O25: =+N25*C25/277777.7 -> 197.24466 | P25: =54600*O25 -> 10769559 | Q25: =+O25*5*25 -> 24655.583 | R25: =0.1*O25*310 -> 6114.5846 | S25: =+(K25+L25+M25)+(P25+Q25+R25)+U25 -> 28491883 | T25: -135.04 | U25: =+T25*E25 -> -17812991 | V25: =+(G25+H25)*C25 -> 28152653 | W25: =16600*D25*1000/3600 -> 1.2104167e+08 | X25: =+S25/(V25+W25) -> 0.19097164 | Y25: =+V25/(V25+W25) -> 0.18869789 | Z25: =+X25*Y25*1000 -> 36.035945
A26: Planta E | B26: 5 | C26: 3147 | D26: 15688 | E26: 75534 | F26: =+D26/C26 -> 4.9850651 | G26: =+Scenarios2!G30 -> 1277.5579 | H26: =+Scenarios2!G48 -> 4941.6663 | I26: =+Scenarios2!G24 -> 18579.144 | J26: =+I26*C26/277777.7 -> 210.48689 | K26: =+J26*100000 -> 21048689 | L26: =300*J26*25 -> 1578651.7 | M26: =4*J26*310 -> 261003.75 | N26: =+Scenarios2!G46 -> 12354.166 | O26: =+N26*C26/277777.7 -> 139.96285 | P26: =54600*O26 -> 7641971.7 | Q26: =+O26*5*25 -> 17495.357 | R26: =0.1*O26*310 -> 4338.8484 | S26: =+(K26+L26+M26)+(P26+Q26+R26)+U26 -> 20352039 | T26: -135.04 | U26: =+T26*E26 -> -10200111 | V26: =+(G26+H26)*C26 -> 19571898 | W26: =16600*D26*1000/3600 -> 72339111 | X26: =+S26/(V26+W26) -> 0.22143201 | Y26: =+V26/(V26+W26) -> 0.212944 | Z26: =+X26*Y26*1000 -> 47.152618
A27: Planta F | B27: 6 | C27: 1931 | D27: 7454 | E27: 38620 | F27: =+D27/C27 -> 3.8601761 | G27: =+Scenarios2!H30 -> 1040.5146 | H27: =+Scenarios2!H48 -> 3046.7009 | I27: =+Scenarios2!H24 -> 15131.894 | J27: =+I27*C27/277777.7 -> 105.1909 | K27: =+J27*100000 -> 10519090 | L27: =300*J27*25 -> 788931.77 | M27: =4*J27*310 -> 130436.72 | N27: =+Scenarios2!H46 -> 7616.7523 | O27: =+N27*C27/277777.7 -> 52.94863 | P27: =54600*O27 -> 2890995.2 | Q27: =+O27*5*25 -> 6618.5787 | R27: =0.1*O27*310 -> 1641.4075 | S27: =+(K27+L27+M27)+(P27+Q27+R27)+U27 -> 9122469.2 | T27: -135.04 | U27: =+T27*E27 -> -5215244.8 | V27: =+(G27+H27)*C27 -> 7892413.1 | W27: =16600*D27*1000/3600 -> 34371222 | X27: =+S27/(V27+W27) -> 0.21584677 | Y27: =+V27/(V27+W27) -> 0.18674241 | Z27: =+X27*Y27*1000 -> 40.307746
Z28: =+AVERAGE(Z22:Z27) -> 35.64026 | AA28: =+(AN9-Z28)/AN9 -> 0.67490178

Sheet Hoja2
A4: Magdalena 2025 | B4: 2430 | C4: 2050 | J4: 200 | K4: 3.59
J5: =+J4*K5/K4 -> 74.651811 | K5: 1.34
A6: Social | B6: kWh-per capita | J6: =+J4*K6/K4 -> 849.02507 | K6: 15.24 | Q6: =176/2430 -> 0.072427984
A7: Rural | B7: 75 | J7: =+J4*K7/K4 -> 1358.2173 | K7: 24.38 | Q7: =103/2430 -> 0.042386831
A8: Urbano | B8: 849
A9: Total | B9: 1358
A12: Distribuciòn residencial
A13: Urbano | B13: 231790 | C13: =+B13/B15 -> 0.72591808
A14: Rural | B14: 87516 | C14: =+B14/B15 -> 0.27408192
B15: =SUM(B13:B14) -> 319306
A17: Demanda residencial | O17: ERI -1 | P17: ERI -2 | Q17: Demanda residencial rural Departamento Magdalena
A18: Urbano | B18: 1209 | C18: gWh año | O18: =H24 -> GWh -año | P18: =H33 -> GWh -año
A19: Rural | B19: 30.3 | C19: gWh año | N19: =A25 -> Planta A | O19: =H25 -> 34.012673 | P19: =H34 -> 19.317644
N20: =A26 -> Planta B | O20: =H26 -> 43.793045 | P20: =H35 -> 25.937646
N21: =A27 -> Planta C | O21: =H27 -> 39.496788 | P21: =H36 -> 23.765465
N22: =A28 -> Planta D | O22: =H28 -> 28.695353 | P22: =H37 -> 16.502865
N23: =A29 -> Planta E | O23: =H29 -> 21.441019 | P23: =H38 -> 13.104491
A24: =EmisionesCO2!A12 -> Zona | B24: =EmisionesCO2!B12 -> Palm Oil Mill | C24: =EmisionesCO2!C12 -> Operation hours (h) | D24: =EmisionesCO2!D12 -> CPO | E24: =EmisionesCO2!E12 -> Production (t/RFF) | F24: =EmisionesCO2!F12 -> CPO (t/h) | G24: Excdentes | H24: GWh -año | N24: =A30 -> Planta F | O24: =H30 -> 8.6727258 | P24: =H39 -> 4.8234804
A25: Planta A | B25: =EmisionesCO2!B13 -> 1 | C25: =EmisionesCO2!C13 -> 5105 | D25: =EmisionesCO2!D13 -> 31719 | E25: =EmisionesCO2!E13 -> 153157 | F25: =EmisionesCO2!F13 -> 6.2133203 | G25: =+Scenarios1!C47 -> 6662.6195 | H25: =+G25*C25/1000000 -> 34.012673 | I25: =+G25*C25/E25 -> 222.07717 | N25: Residencia Rural | Q25: =+B19 -> 30.3
A26: Planta B | B26: =EmisionesCO2!B14 -> 2 | C26: =EmisionesCO2!C14 -> 5155 | D26: =EmisionesCO2!D14 -> 42376 | E26: =EmisionesCO2!E14 -> 206207 | F26: =EmisionesCO2!F14 -> 8.2203686 | G26: =+Scenarios1!D47 -> 8495.256 | H26: =+G26*C26/1000000 -> 43.793045 | I26: =+G26*C26/E26 -> 212.37419 | Q26: Demana electrica
A27: Planta C | B27: =EmisionesCO2!B15 -> 3 | C27: =EmisionesCO2!C15 -> 5920 | D27: =EmisionesCO2!D15 -> 34950 | E27: =EmisionesCO2!E15 -> 177589 | F27: =EmisionesCO2!F15 -> 5.9037162 | G27: =+Scenarios1!E47 -> 6671.7547 | H27: =+G27*C27/1000000 -> 39.496788 | I27: =+G27*C27/E27 -> 222.4056 | O27: Escenarios estudiados | Q27: Demanda energètica Departamento Magdalena (2025)
A28: Planta D | B28: =EmisionesCO2!B16 -> 4 | C28: =EmisionesCO2!C16 -> 5496 | D28: =EmisionesCO2!D16 -> 26250 | E28: =EmisionesCO2!E16 -> 131909 | F28: =EmisionesCO2!F16 -> 4.7762009 | G28: =+Scenarios1!F47 -> 5221.1341 | H28: =+G28*C28/1000000 -> 28.695353 | I28: =+G28*C28/E28 -> 217.53901 | O28: ERI -1 | P28: ERI -2 | Q28: Residencial Rural | R28: Residencial Urbana | S28: Total departamento
A29: Planta E | B29: =EmisionesCO2!B17 -> 5 | C29: =EmisionesCO2!C17 -> 3147 | D29: =EmisionesCO2!D17 -> 15688 | E29: =EmisionesCO2!E17 -> 75534 | F29: =EmisionesCO2!F17 -> 4.9850651 | G29: =+Scenarios1!G47 -> 6813.1613 | H29: =+G29*C29/1000000 -> 21.441019 | I29: =+G29*C29/E29 -> 283.85917 | N29: =$O$18 -> GWh -año | O29: =SUM(O19:O24) -> 176.1116 | P29: =SUM(P19:P24) -> 103.45159 | Q29: =+B19 -> 30.3 | R29: =+B18 -> 1209 | S29: =+B4 -> 2430
A30: Planta F | B30: =EmisionesCO2!B18 -> 6 | C30: =EmisionesCO2!C18 -> 1931 | D30: =EmisionesCO2!D18 -> 7454 | E30: =EmisionesCO2!E18 -> 38620 | F30: =EmisionesCO2!F18 -> 3.8601761 | G30: =+Scenarios1!H47 -> 4491.3132 | H30: =+G30*C30/1000000 -> 8.6727258 | I30: =+G30*C30/E30 -> 224.56566
A31: =EmisionesCO2!A19 -> 0 | B31: =EmisionesCO2!B19 -> 0 | C31: =EmisionesCO2!C19 -> 0 | D31: =EmisionesCO2!D19 -> 0 | E31: =EmisionesCO2!E19 -> 0 | F31: =EmisionesCO2!F19 -> 0 | G31: =EmisionesCO2!G19 -> 0 | H31: =SUM(H25:H30) -> 176.1116 | I31: =+H31/B18 -> 0.14566717 | N31: ERI -1 | O31: =SUM(E31:J31) -> 176.25727
A32: =EmisionesCO2!A20 -> 0 | B32: =EmisionesCO2!B20 -> 0 | C32: =EmisionesCO2!C20 -> 0 | D32: =EmisionesCO2!D20 -> 0 | E32: =EmisionesCO2!E20 -> 0 | F32: =EmisionesCO2!F20 -> 0 | G32: =EmisionesCO2!G20 -> 0 | N32: ERI -2 | O32: =+P29 -> 103.45159
A33: =EmisionesCO2!A21 -> Zona | B33: =EmisionesCO2!B21 -> Palm Oil Mill | C33: =EmisionesCO2!C21 -> Operation hours (h) | D33: =EmisionesCO2!D21 -> CPO | E33: =EmisionesCO2!E21 -> Production (t/RFF) | F33: =EmisionesCO2!F21 -> CPO (t/h) | G33: Excedentes | H33: GWh -año | N33: Urbana | O33: =+Q29 -> 30.3
A34: Planta A | B34: =EmisionesCO2!B22 -> 1 | C34: =EmisionesCO2!C22 -> 5105 | D34: =EmisionesCO2!D22 -> 31719 | E34: =EmisionesCO2!E22 -> 153157 | F34: =EmisionesCO2!F22 -> 6.2133203 | G34: =+Scenarios2!C51 -> 3784.0635 | H34: =+G34*C34/1000000 -> 19.317644 | I34: =+G34*C34/E34 -> 126.12968 | N34: Rural | O34: =+R29 -> 1209
A35: Planta B | B35: =EmisionesCO2!B23 -> 2 | C35: =EmisionesCO2!C23 -> 5155 | D35: =EmisionesCO2!D23 -> 42376 | E35: =EmisionesCO2!E23 -> 206207 | F35: =EmisionesCO2!F23 -> 8.2203686 | G35: =+Scenarios2!D51 -> 5031.5511 | H35: =+G35*C35/1000000 -> 25.937646 | I35: =+G35*C35/E35 -> 125.78451 | N35: Industrial y comercio | O35: =+O36-O34-O33 -> 1190.7
A36: Planta C | B36: =EmisionesCO2!B24 -> 3 | C36: =EmisionesCO2!C24 -> 5920 | D36: =EmisionesCO2!D24 -> 34950 | E36: =EmisionesCO2!E24 -> 177589 | F36: =EmisionesCO2!F24 -> 5.9037162 | G36: =+Scenarios2!E51 -> 4014.4366 | H36: =+G36*C36/1000000 -> 23.765465 | I36: =+G36*C36/E36 -> 133.82284 | N36: Departamental | O36: =+S29 -> 2430
A37: Planta D | B37: =EmisionesCO2!B25 -> 4 | C37: =EmisionesCO2!C25 -> 5496 | D37: =EmisionesCO2!D25 -> 26250 | E37: =EmisionesCO2!E25 -> 131909 | F37: =EmisionesCO2!F25 -> 4.7762009 | G37: =+Scenarios2!F51 -> 3002.7046 | H37: =+G37*C37/1000000 -> 16.502865 | I37: =+G37*C37/E37 -> 125.10795
A38: Planta E | B38: =EmisionesCO2!B26 -> 5 | C38: =EmisionesCO2!C26 -> 3147 | D38: =EmisionesCO2!D26 -> 15688 | E38: =EmisionesCO2!E26 -> 75534 | F38: =EmisionesCO2!F26 -> 4.9850651 | G38: =+Scenarios2!G51 -> 4164.1216 | H38: =+G38*C38/1000000 -> 13.104491 | I38: =+G38*C38/E38 -> 173.49128
A39: Planta F | B39: =EmisionesCO2!B27 -> 6 | C39: =EmisionesCO2!C27 -> 1931 | D39: =EmisionesCO2!D27 -> 7454 | E39: =EmisionesCO2!E27 -> 38620 | F39: =EmisionesCO2!F27 -> 3.8601761 | G39: =+Scenarios2!H51 -> 2497.9184 | H39: =+G39*C39/1000000 -> 4.8234804 | I39: =+G39*C39/E39 -> 124.89592
H40: =SUM(H34:H39) -> 103.45159
